Year;City;Article_Count
1932;Istanbul;1
1935;Ankara;1
1935;Istanbul;1
1937;Istanbul;1
1939;Istanbul;3
1940;Istanbul;2
1943;Istanbul;2
1945;Istanbul;2
1946;Istanbul;5
1947;Ankara;1
1947;Istanbul;3
1948;Istanbul;2
1949;Ankara;1
1949;Istanbul;3
1950;Ankara;2
1951;Ankara;2
1951;Istanbul;4
1952;Agri;1
1952;Ankara;3
1952;Istanbul;7
1953;Adana;1
1953;Agri;2
1953;Ankara;3
1953;Istanbul;3
1954;Ankara;1
1954;Istanbul;5
1955;Ankara;2
1955;Bursa;1
1955;Istanbul;6
1956;Ankara;3
1956;Istanbul;6
1957;Ankara;2
1957;Istanbul;10
1958;Ankara;4
1958;Istanbul;6
1959;Ankara;3
1959;Istanbul;10
1960;Ankara;6
1960;Erzurum;1
1960;Istanbul;10
1960;Izmir;1
1961;Agri;1
1961;Ankara;3
1961;Istanbul;6
1962;Agri;1
1962;Ankara;8
1962;Istanbul;9
1963;Agri;1
1963;Ankara;7
1963;Istanbul;9
1963;Izmir;2
1964;Ankara;14
1964;Istanbul;9
1964;Izmir;1
1965;Ankara;18
1965;Istanbul;12
1965;Izmir;1
1966;Ankara;17
1966;Istanbul;13
1966;Izmir;2
1967;Agri;1
1967;Ankara;20
1967;Istanbul;7
1967;Izmir;1
1968;Ankara;24
1968;Erzurum;1
1968;Istanbul;10
1968;Izmir;3
1969;Aksaray;1
1969;Ankara;40
1969;Erzurum;1
1969;Istanbul;9
1970;Ankara;65
1970;Eskisehir;1
1970;Istanbul;17
1970;Izmir;4
1970;Trabzon;1
1971;Agri;1
1971;Ankara;56
1971;Erzurum;1
1971;Istanbul;20
1971;Izmir;2
1971;Trabzon;1
1972;Ankara;64
1972;Istanbul;22
1972;Izmir;5
1972;Van;1
1973;Ankara;81
1973;Istanbul;24
1973;Izmir;6
1973;Trabzon;1
1974;Agri;1
1974;Ankara;86
1974;Istanbul;29
1974;Izmir;3
1974;Trabzon;4
1975;Ankara;91
1975;Bursa;1
1975;Gaziantep;2
1975;Istanbul;26
1975;Izmir;3
1975;Trabzon;2
1976;Ankara;170
1976;Erzurum;2
1976;Gaziantep;2
1976;Istanbul;70
1976;Izmir;18
1977;Ankara;196
1977;Bolu;2
1977;Erzurum;2
1977;Gaziantep;8
1977;Istanbul;64
1977;Izmir;8
1977;Trabzon;2
1978;Agri;2
1978;Ankara;202
1978;Bolu;6
1978;Gaziantep;4
1978;Istanbul;90
1978;Izmir;26
1978;Trabzon;4
1979;Adana;10
1979;Ankara;202
1979;Bolu;6
1979;Erzurum;6
1979;Istanbul;114
1979;Izmir;16
1979;Van;2
1980;Adana;2
1980;Agri;6
1980;Ankara;230
1980;Diyarbakir;6
1980;Edirne;4
1980;Erzurum;2
1980;Gaziantep;8
1980;Istanbul;142
1980;Izmir;30
1980;Trabzon;10
1980;Van;2
1981;Adana;18
1981;Adiyaman;2
1981;Agri;4
1981;Ankara;246
1981;Bursa;4
1981;Diyarbakir;4
1981;Edirne;2
1981;Erzurum;4
1981;Istanbul;136
1981;Izmir;18
1981;Samsun;2
1981;Trabzon;4
1982;Adana;4
1982;Agri;4
1982;Ankara;232
1982;Bolu;4
1982;Diyarbakir;6
1982;Erzurum;6
1982;Eskisehir;4
1982;Gaziantep;6
1982;Istanbul;162
1982;Izmir;28
1982;Kocaeli;2
1982;Trabzon;8
1982;Van;2
1983;Adana;6
1983;Agri;4
1983;Ankara;246
1983;Bursa;2
1983;Diyarbakir;6
1983;Edirne;6
1983;Erzurum;6
1983;Eskisehir;4
1983;Gaziantep;8
1983;Istanbul;118
1983;Izmir;40
1983;Kayseri;2
1983;Samsun;4
1983;Sivas;2
1983;Trabzon;10
1984;Adana;20
1984;Agri;4
1984;Ankara;294
1984;Antalya;2
1984;Diyarbakir;2
1984;Elazig;2
1984;Erzurum;6
1984;Eskisehir;4
1984;Gaziantep;6
1984;Istanbul;164
1984;Izmir;42
1984;Kayseri;2
1984;Kocaeli;6
1984;Konya;2
1984;Mus;2
1984;Samsun;4
1984;Sivas;6
1984;Trabzon;12
1984;Van;2
1984;Zonguldak;2
1985;Adana;16
1985;Agri;2
1985;Ankara;268
1985;Bolu;2
1985;Bursa;4
1985;Diyarbakir;6
1985;Edirne;6
1985;Elazig;4
1985;Erzurum;16
1985;Eskisehir;6
1985;Gaziantep;6
1985;Istanbul;188
1985;Izmir;42
1985;Kayseri;10
1985;Kocaeli;6
1985;Manisa;2
1985;Sakarya;2
1985;Samsun;6
1985;Sivas;6
1985;Trabzon;16
1985;Van;2
1986;Adana;26
1986;Agri;14
1986;Ankara;364
1986;Bolu;2
1986;Diyarbakir;14
1986;Elazig;6
1986;Erzurum;14
1986;Eskisehir;2
1986;Gaziantep;4
1986;Istanbul;192
1986;Izmir;42
1986;Kayseri;6
1986;Kocaeli;4
1986;Samsun;6
1986;Sivas;6
1986;Trabzon;4
1986;Zonguldak;2
1987;Adana;12
1987;Agri;2
1987;Ankara;210
1987;Antalya;1
1987;Bolu;2
1987;Bursa;7
1987;Diyarbakir;5
1987;Elazig;3
1987;Erzurum;8
1987;Eskisehir;4
1987;Gaziantep;2
1987;Istanbul;94
1987;Izmir;37
1987;Kayseri;5
1987;Kocaeli;4
1987;Malatya;1
1987;Samsun;6
1987;Sivas;3
1987;Trabzon;10
1987;Van;2
1987;Zonguldak;1
1988;Adana;8
1988;Agri;7
1988;Ankara;254
1988;Antalya;2
1988;Balikesir;1
1988;Bursa;4
1988;Denizli;1
1988;Diyarbakir;5
1988;Edirne;1
1988;Elazig;4
1988;Erzurum;15
1988;Eskisehir;4
1988;Gaziantep;1
1988;Istanbul;124
1988;Izmir;30
1988;Kayseri;7
1988;Konya;6
1988;Malatya;2
1988;Sakarya;1
1988;Samsun;7
1988;Sivas;2
1988;Trabzon;6
1988;Van;3
1988;Zonguldak;3
1989;Adana;30
1989;Agri;13
1989;Ankara;326
1989;Antalya;4
1989;Bursa;2
1989;Diyarbakir;10
1989;Edirne;1
1989;Elazig;5
1989;Erzurum;24
1989;Eskisehir;8
1989;Gaziantep;2
1989;Istanbul;165
1989;Izmir;37
1989;Kahramanmaras;1
1989;Kayseri;14
1989;Kocaeli;2
1989;Konya;11
1989;Malatya;2
1989;Samsun;8
1989;Sinop;1
1989;Sivas;3
1989;Trabzon;20
1990;Adana;30
1990;Agri;8
1990;Ankara;443
1990;Antalya;5
1990;Bursa;7
1990;Diyarbakir;8
1990;Elazig;2
1990;Erzurum;31
1990;Eskisehir;11
1990;Gaziantep;2
1990;Istanbul;217
1990;Izmir;57
1990;Kayseri;9
1990;Kocaeli;1
1990;Konya;5
1990;Malatya;1
1990;Mersin;1
1990;Osmaniye;1
1990;Sakarya;1
1990;Samsun;16
1990;Sivas;12
1990;Trabzon;38
1990;Zonguldak;2
1991;Adana;28
1991;Agri;8
1991;Ankara;516
1991;Antalya;5
1991;Balikesir;3
1991;Bolu;4
1991;Bursa;9
1991;Denizli;1
1991;Diyarbakir;13
1991;Edirne;4
1991;Elazig;7
1991;Erzurum;29
1991;Eskisehir;19
1991;Gaziantep;2
1991;Istanbul;235
1991;Izmir;54
1991;Kayseri;16
1991;Kocaeli;1
1991;Konya;17
1991;Malatya;7
1991;Samsun;15
1991;Sivas;8
1991;Trabzon;31
1991;Zonguldak;3
1992;Adana;46
1992;Agri;8
1992;Ankara;688
1992;Antalya;18
1992;Balikesir;10
1992;Bolu;1
1992;Bursa;19
1992;Denizli;2
1992;Diyarbakir;12
1992;Edirne;4
1992;Elazig;10
1992;Erzurum;42
1992;Eskisehir;37
1992;Gaziantep;8
1992;Isparta;1
1992;Istanbul;388
1992;Izmir;83
1992;Kars;1
1992;Kayseri;30
1992;Kocaeli;1
1992;Konya;19
1992;Malatya;7
1992;Mersin;6
1992;Mus;5
1992;Sakarya;4
1992;Samsun;19
1992;Sivas;12
1992;Trabzon;55
1992;Zonguldak;1
1993;Adana;59
1993;Agri;11
1993;Aksaray;2
1993;Ankara;798
1993;Antalya;19
1993;Balikesir;10
1993;Bolu;2
1993;Bursa;15
1993;Denizli;1
1993;Diyarbakir;16
1993;Edirne;1
1993;Elazig;4
1993;Erzurum;59
1993;Eskisehir;48
1993;Gaziantep;9
1993;Istanbul;372
1993;Izmir;140
1993;Kayseri;42
1993;Kocaeli;3
1993;Konya;20
1993;Malatya;4
1993;Mersin;6
1993;Mus;3
1993;Osmaniye;1
1993;Sakarya;4
1993;Samsun;24
1993;Sivas;20
1993;Trabzon;40
1993;Van;4
1994;Adana;87
1994;Agri;12
1994;Aksaray;4
1994;Ankara;879
1994;Antalya;33
1994;Aydin;1
1994;Balikesir;11
1994;Bolu;4
1994;Bursa;26
1994;Diyarbakir;12
1994;Edirne;11
1994;Elazig;11
1994;Erzurum;42
1994;Eskisehir;44
1994;Gaziantep;12
1994;Isparta;3
1994;Istanbul;477
1994;Izmir;161
1994;Kars;1
1994;Kayseri;51
1994;Kirikkale;1
1994;Kocaeli;6
1994;Konya;20
1994;Malatya;20
1994;Manisa;3
1994;Mersin;11
1994;Mus;3
1994;Sakarya;2
1994;Samsun;38
1994;Sivas;21
1994;Tekirdag;1
1994;Tokat;1
1994;Trabzon;51
1994;Van;5
1995;Adana;87
1995;Agri;29
1995;Aksaray;2
1995;Ankara;995
1995;Antalya;44
1995;Artvin;1
1995;Aydin;5
1995;Balikesir;11
1995;Bolu;9
1995;Bursa;37
1995;Denizli;8
1995;Diyarbakir;18
1995;Edirne;18
1995;Elazig;23
1995;Erzurum;54
1995;Eskisehir;50
1995;Gaziantep;10
1995;Giresun;1
1995;Isparta;5
1995;Istanbul;542
1995;Izmir;233
1995;Kahramanmaras;5
1995;Kars;1
1995;Kayseri;55
1995;Kirikkale;5
1995;Kocaeli;3
1995;Konya;42
1995;Malatya;30
1995;Manisa;3
1995;Mersin;13
1995;Mus;5
1995;Nigde;3
1995;Sakarya;4
1995;Samsun;40
1995;Sivas;30
1995;Tokat;1
1995;Trabzon;84
1995;Van;7
1995;Zonguldak;1
1996;Adana;138
1996;Agri;72
1996;Aksaray;6
1996;Ankara;1487
1996;Antalya;47
1996;Aydin;9
1996;Balikesir;16
1996;Bartin;1
1996;Bolu;15
1996;Bursa;67
1996;Canakkale;1
1996;Denizli;12
1996;Diyarbakir;41
1996;Duzce;2
1996;Edirne;12
1996;Elazig;34
1996;Erzurum;83
1996;Eskisehir;59
1996;Gaziantep;28
1996;Giresun;1
1996;Hatay;1
1996;Isparta;7
1996;Istanbul;917
1996;Izmir;331
1996;Kahramanmaras;3
1996;Kars;7
1996;Kayseri;85
1996;Kirikkale;9
1996;Kocaeli;29
1996;Konya;64
1996;Kutahya;3
1996;Malatya;54
1996;Manisa;9
1996;Mersin;24
1996;Mugla;3
1996;Mus;7
1996;Nigde;8
1996;Sakarya;9
1996;Samsun;100
1996;Sanliurfa;2
1996;Sivas;44
1996;Tekirdag;1
1996;Tokat;7
1996;Trabzon;97
1996;Van;22
1996;Zonguldak;6
1997;Adana;174
1997;Agri;152
1997;Aksaray;3
1997;Amasya;1
1997;Ankara;1644
1997;Antalya;77
1997;Artvin;1
1997;Aydin;21
1997;Balikesir;17
1997;Bartin;3
1997;Bolu;13
1997;Bursa;71
1997;Canakkale;2
1997;Denizli;21
1997;Diyarbakir;47
1997;Edirne;26
1997;Elazig;61
1997;Erzurum;107
1997;Eskisehir;93
1997;Gaziantep;37
1997;Giresun;2
1997;Hatay;5
1997;Isparta;13
1997;Istanbul;970
1997;Izmir;341
1997;Kahramanmaras;2
1997;Kars;5
1997;Kayseri;92
1997;Kirikkale;17
1997;Kirsehir;2
1997;Kocaeli;45
1997;Konya;50
1997;Kutahya;4
1997;Malatya;65
1997;Manisa;34
1997;Mersin;61
1997;Mugla;4
1997;Mus;10
1997;Nigde;8
1997;Ordu;6
1997;Sakarya;19
1997;Samsun;71
1997;Sanliurfa;7
1997;Sinop;4
1997;Sivas;37
1997;Tekirdag;1
1997;Tokat;6
1997;Trabzon;114
1997;Van;36
1997;Zonguldak;15
1998;Adana;157
1998;Agri;141
1998;Aksaray;5
1998;Ankara;1849
1998;Antalya;73
1998;Aydin;40
1998;Balikesir;15
1998;Bartin;2
1998;Bolu;17
1998;Bursa;74
1998;Canakkale;2
1998;Denizli;41
1998;Diyarbakir;56
1998;Duzce;5
1998;Edirne;41
1998;Elazig;49
1998;Erzincan;1
1998;Erzurum;95
1998;Eskisehir;115
1998;Gaziantep;43
1998;Giresun;1
1998;Gumushane;1
1998;Hatay;3
1998;Isparta;19
1998;Istanbul;992
1998;Izmir;405
1998;Kahramanmaras;8
1998;Kars;5
1998;Kayseri;93
1998;Kirikkale;14
1998;Kirsehir;9
1998;Kocaeli;63
1998;Konya;73
1998;Kutahya;1
1998;Malatya;62
1998;Manisa;38
1998;Mersin;55
1998;Mugla;2
1998;Mus;11
1998;Nigde;9
1998;Ordu;4
1998;Rize;1
1998;Sakarya;17
1998;Samsun;93
1998;Sanliurfa;19
1998;Sinop;3
1998;Sivas;51
1998;Tekirdag;4
1998;Tokat;7
1998;Trabzon;130
1998;Usak;1
1998;Van;27
1998;Zonguldak;19
1999;Adana;157
1999;Agri;164
1999;Aksaray;14
1999;Amasya;3
1999;Ankara;1956
1999;Antalya;76
1999;Aydin;32
1999;Balikesir;28
1999;Bolu;26
1999;Bursa;116
1999;Canakkale;6
1999;Denizli;42
1999;Diyarbakir;46
1999;Duzce;10
1999;Edirne;48
1999;Elazig;98
1999;Erzincan;2
1999;Erzurum;80
1999;Eskisehir;118
1999;Gaziantep;71
1999;Giresun;1
1999;Hatay;5
1999;Isparta;34
1999;Istanbul;1142
1999;Izmir;414
1999;Kahramanmaras;5
1999;Kars;7
1999;Kastamonu;2
1999;Kayseri;98
1999;Kirikkale;21
1999;Kirsehir;9
1999;Kocaeli;71
1999;Konya;61
1999;Kutahya;4
1999;Malatya;72
1999;Manisa;38
1999;Mersin;51
1999;Mugla;5
1999;Mus;17
1999;Nigde;33
1999;Ordu;1
1999;Rize;1
1999;Sakarya;31
1999;Samsun;91
1999;Sanliurfa;16
1999;Sinop;5
1999;Sivas;70
1999;Tekirdag;6
1999;Tokat;17
1999;Trabzon;129
1999;Van;39
1999;Zonguldak;14
2000;Adana;142
2000;Adiyaman;1
2000;Agri;139
2000;Aksaray;10
2000;Amasya;4
2000;Ankara;2066
2000;Antalya;101
2000;Artvin;2
2000;Aydin;20
2000;Balikesir;17
2000;Bolu;34
2000;Burdur;1
2000;Bursa;95
2000;Canakkale;11
2000;Denizli;46
2000;Diyarbakir;79
2000;Duzce;12
2000;Edirne;55
2000;Elazig;112
2000;Erzincan;1
2000;Erzurum;86
2000;Eskisehir;143
2000;Gaziantep;90
2000;Hatay;2
2000;Isparta;45
2000;Istanbul;1244
2000;Izmir;420
2000;Kahramanmaras;8
2000;Karabuk;3
2000;Kars;10
2000;Kastamonu;1
2000;Kayseri;105
2000;Kilis;4
2000;Kirikkale;42
2000;Kirsehir;6
2000;Kocaeli;79
2000;Konya;92
2000;Kutahya;6
2000;Malatya;107
2000;Manisa;56
2000;Mersin;74
2000;Mugla;3
2000;Mus;15
2000;Nevsehir;1
2000;Nigde;17
2000;Osmaniye;1
2000;Rize;1
2000;Sakarya;33
2000;Samsun;85
2000;Sanliurfa;27
2000;Sinop;3
2000;Sivas;69
2000;Tekirdag;17
2000;Tokat;21
2000;Trabzon;103
2000;Usak;2
2000;Van;44
2000;Yozgat;4
2000;Zonguldak;17
2001;Adana;183
2001;Adiyaman;1
2001;Agri;200
2001;Aksaray;10
2001;Amasya;9
2001;Ankara;2445
2001;Antalya;126
2001;Aydin;59
2001;Balikesir;35
2001;Bilecik;3
2001;Bolu;17
2001;Burdur;1
2001;Bursa;106
2001;Canakkale;24
2001;Denizli;54
2001;Diyarbakir;82
2001;Duzce;12
2001;Edirne;79
2001;Elazig;133
2001;Erzincan;1
2001;Erzurum;163
2001;Eskisehir;199
2001;Gaziantep;121
2001;Giresun;1
2001;Hatay;20
2001;Isparta;70
2001;Istanbul;1664
2001;Izmir;572
2001;Kahramanmaras;18
2001;Karabuk;4
2001;Kars;20
2001;Kastamonu;3
2001;Kayseri;131
2001;Kilis;3
2001;Kirikkale;61
2001;Kirsehir;1
2001;Kocaeli;84
2001;Konya;153
2001;Kutahya;7
2001;Malatya;108
2001;Manisa;64
2001;Mersin;125
2001;Mugla;9
2001;Mus;40
2001;Nigde;25
2001;Ordu;12
2001;Sakarya;42
2001;Samsun;141
2001;Sanliurfa;35
2001;Sinop;4
2001;Sivas;80
2001;Tekirdag;6
2001;Tokat;29
2001;Trabzon;133
2001;Van;70
2001;Yozgat;2
2001;Zonguldak;19
2002;Adana;307
2002;Adiyaman;3
2002;Agri;364
2002;Aksaray;13
2002;Amasya;13
2002;Ankara;2722
2002;Antalya;169
2002;Artvin;1
2002;Aydin;53
2002;Balikesir;42
2002;Bartin;4
2002;Bolu;41
2002;Burdur;4
2002;Bursa;144
2002;Canakkale;38
2002;Cankiri;1
2002;Corum;1
2002;Denizli;85
2002;Diyarbakir;114
2002;Duzce;30
2002;Edirne;109
2002;Elazig;239
2002;Erzincan;11
2002;Erzurum;374
2002;Eskisehir;224
2002;Gaziantep;195
2002;Giresun;3
2002;Gumushane;3
2002;Hatay;39
2002;Isparta;146
2002;Istanbul;2064
2002;Izmir;724
2002;Kahramanmaras;29
2002;Karabuk;7
2002;Kars;38
2002;Kastamonu;2
2002;Kayseri;185
2002;Kilis;3
2002;Kirikkale;89
2002;Kirsehir;6
2002;Kocaeli;95
2002;Konya;207
2002;Kutahya;13
2002;Malatya;152
2002;Manisa;101
2002;Mersin;245
2002;Mugla;21
2002;Mus;66
2002;Nigde;22
2002;Ordu;7
2002;Sakarya;60
2002;Samsun;146
2002;Sanliurfa;61
2002;Sinop;3
2002;Sivas;108
2002;Tekirdag;24
2002;Tokat;62
2002;Trabzon;166
2002;Usak;1
2002;Van;126
2002;Yalova;1
2002;Yozgat;9
2002;Zonguldak;65
2003;Adana;365
2003;Adiyaman;1
2003;Agri;518
2003;Aksaray;14
2003;Amasya;8
2003;Ankara;3300
2003;Antalya;223
2003;Artvin;3
2003;Aydin;111
2003;Balikesir;65
2003;Bartin;1
2003;Bitlis;1
2003;Bolu;65
2003;Burdur;18
2003;Bursa;228
2003;Canakkale;46
2003;Cankiri;3
2003;Corum;4
2003;Denizli;111
2003;Diyarbakir;172
2003;Duzce;54
2003;Edirne;128
2003;Elazig;335
2003;Erzincan;12
2003;Erzurum;538
2003;Eskisehir;312
2003;Gaziantep;192
2003;Giresun;3
2003;Gumushane;1
2003;Hatay;70
2003;Isparta;216
2003;Istanbul;2617
2003;Izmir;908
2003;Kahramanmaras;47
2003;Karabuk;6
2003;Kars;58
2003;Kastamonu;4
2003;Kayseri;275
2003;Kilis;2
2003;Kirikkale;131
2003;Kirsehir;2
2003;Kocaeli;163
2003;Konya;249
2003;Kutahya;24
2003;Malatya;260
2003;Manisa;133
2003;Mersin;300
2003;Mugla;37
2003;Mus;98
2003;Nevsehir;1
2003;Nigde;53
2003;Ordu;15
2003;Rize;22
2003;Sakarya;86
2003;Samsun;239
2003;Sanliurfa;96
2003;Sinop;9
2003;Sivas;147
2003;Tekirdag;19
2003;Tokat;71
2003;Trabzon;196
2003;Usak;1
2003;Van;167
2003;Yozgat;15
2003;Zonguldak;107
2004;Adana;477
2004;Adiyaman;5
2004;Agri;673
2004;Aksaray;20
2004;Amasya;12
2004;Ankara;3774
2004;Antalya;305
2004;Artvin;5
2004;Aydin;152
2004;Balikesir;79
2004;Bartin;5
2004;Bilecik;1
2004;Bingol;1
2004;Bolu;82
2004;Burdur;31
2004;Bursa;310
2004;Canakkale;80
2004;Cankiri;3
2004;Corum;6
2004;Denizli;153
2004;Diyarbakir;217
2004;Duzce;82
2004;Edirne;169
2004;Elazig;454
2004;Erzincan;13
2004;Erzurum;543
2004;Eskisehir;382
2004;Gaziantep;239
2004;Giresun;3
2004;Gumushane;3
2004;Hatay;94
2004;Isparta;278
2004;Istanbul;2936
2004;Izmir;1132
2004;Kahramanmaras;89
2004;Karabuk;9
2004;Karaman;1
2004;Kars;70
2004;Kastamonu;7
2004;Kayseri;374
2004;Kilis;3
2004;Kirikkale;154
2004;Kirsehir;11
2004;Kocaeli;244
2004;Konya;399
2004;Kutahya;52
2004;Malatya;304
2004;Manisa;169
2004;Mardin;2
2004;Mersin;354
2004;Mugla;48
2004;Mus;135
2004;Nigde;62
2004;Ordu;9
2004;Osmaniye;1
2004;Rize;18
2004;Sakarya;134
2004;Samsun;335
2004;Sanliurfa;142
2004;Sinop;9
2004;Sivas;193
2004;Tekirdag;35
2004;Tokat;136
2004;Trabzon;266
2004;Usak;9
2004;Van;158
2004;Yozgat;22
2004;Zonguldak;191
2005;Adana;610
2005;Adiyaman;2
2005;Afyonkarahisar;6
2005;Agri;735
2005;Aksaray;16
2005;Amasya;3
2005;Ankara;4405
2005;Antalya;401
2005;Artvin;13
2005;Aydin;168
2005;Balikesir;86
2005;Bartin;9
2005;Batman;1
2005;Bayburt;1
2005;Bilecik;4
2005;Bingol;2
2005;Bolu;116
2005;Burdur;36
2005;Bursa;422
2005;Canakkale;148
2005;Cankiri;1
2005;Corum;10
2005;Denizli;231
2005;Diyarbakir;218
2005;Duzce;98
2005;Edirne;213
2005;Elazig;529
2005;Erzincan;17
2005;Erzurum;579
2005;Eskisehir;412
2005;Gaziantep;216
2005;Giresun;7
2005;Hatay;124
2005;Isparta;315
2005;Istanbul;3376
2005;Izmir;1329
2005;Kahramanmaras;177
2005;Karabuk;11
2005;Karaman;1
2005;Kars;94
2005;Kastamonu;8
2005;Kayseri;422
2005;Kilis;1
2005;Kirikkale;225
2005;Kirsehir;11
2005;Kocaeli;298
2005;Konya;419
2005;Kutahya;66
2005;Malatya;362
2005;Manisa;189
2005;Mersin;392
2005;Mugla;62
2005;Mus;157
2005;Nevsehir;1
2005;Nigde;74
2005;Ordu;24
2005;Osmaniye;3
2005;Rize;25
2005;Sakarya;133
2005;Samsun;445
2005;Sanliurfa;200
2005;Sinop;10
2005;Sivas;198
2005;Tekirdag;29
2005;Tokat;165
2005;Trabzon;283
2005;Usak;6
2005;Van;254
2005;Yozgat;33
2005;Zonguldak;184
2006;Adana;612
2006;Adiyaman;4
2006;Afyonkarahisar;46
2006;Agri;989
2006;Aksaray;27
2006;Amasya;9
2006;Ankara;4905
2006;Antalya;370
2006;Artvin;20
2006;Aydin;218
2006;Balikesir;95
2006;Bartin;2
2006;Bilecik;5
2006;Bingol;3
2006;Bolu;142
2006;Burdur;28
2006;Bursa;511
2006;Canakkale;176
2006;Cankiri;8
2006;Corum;9
2006;Denizli;274
2006;Diyarbakir;311
2006;Duzce;106
2006;Edirne;207
2006;Elazig;486
2006;Erzincan;17
2006;Erzurum;530
2006;Eskisehir;557
2006;Gaziantep;312
2006;Giresun;19
2006;Gumushane;8
2006;Hakkari;2
2006;Hatay;160
2006;Isparta;405
2006;Istanbul;3894
2006;Izmir;1430
2006;Kahramanmaras;204
2006;Karabuk;23
2006;Karaman;1
2006;Kars;89
2006;Kastamonu;16
2006;Kayseri;498
2006;Kilis;7
2006;Kirikkale;231
2006;Kirklareli;4
2006;Kirsehir;18
2006;Kocaeli;335
2006;Konya;566
2006;Kutahya;83
2006;Malatya;412
2006;Manisa;208
2006;Mersin;378
2006;Mugla;110
2006;Mus;221
2006;Nevsehir;1
2006;Nigde;112
2006;Ordu;43
2006;Osmaniye;1
2006;Rize;35
2006;Sakarya;160
2006;Samsun;587
2006;Sanliurfa;190
2006;Siirt;2
2006;Sinop;27
2006;Sivas;200
2006;Tekirdag;59
2006;Tokat;217
2006;Trabzon;347
2006;Usak;9
2006;Van;335
2006;Yozgat;37
2006;Zonguldak;193
2007;Adana;615
2007;Adiyaman;11
2007;Afyonkarahisar;132
2007;Agri;976
2007;Aksaray;38
2007;Amasya;11
2007;Ankara;5582
2007;Antalya;374
2007;Artvin;27
2007;Aydin;251
2007;Balikesir;110
2007;Bartin;15
2007;Bilecik;7
2007;Bolu;190
2007;Burdur;40
2007;Bursa;549
2007;Canakkale;225
2007;Cankiri;10
2007;Corum;11
2007;Denizli;318
2007;Diyarbakir;320
2007;Duzce;149
2007;Edirne;272
2007;Elazig;461
2007;Erzincan;18
2007;Erzurum;579
2007;Eskisehir;628
2007;Gaziantep;324
2007;Giresun;31
2007;Gumushane;11
2007;Hakkari;1
2007;Hatay;196
2007;Isparta;392
2007;Istanbul;4397
2007;Izmir;1689
2007;Kahramanmaras;172
2007;Karabuk;33
2007;Karaman;3
2007;Kars;123
2007;Kastamonu;14
2007;Kayseri;635
2007;Kilis;15
2007;Kirikkale;235
2007;Kirklareli;2
2007;Kirsehir;22
2007;Kocaeli;354
2007;Konya;624
2007;Kutahya;105
2007;Malatya;341
2007;Manisa;222
2007;Mersin;372
2007;Mugla;125
2007;Mus;274
2007;Nevsehir;1
2007;Nigde;136
2007;Ordu;44
2007;Osmaniye;2
2007;Rize;62
2007;Sakarya;190
2007;Samsun;639
2007;Sanliurfa;241
2007;Sinop;27
2007;Sivas;271
2007;Tekirdag;54
2007;Tokat;240
2007;Trabzon;442
2007;Usak;10
2007;Van;318
2007;Yozgat;49
2007;Zonguldak;258
2008;Adana;641
2008;Adiyaman;26
2008;Afyonkarahisar;220
2008;Agri;1024
2008;Aksaray;63
2008;Amasya;7
2008;Ankara;5614
2008;Antalya;379
2008;Artvin;18
2008;Aydin;220
2008;Balikesir;121
2008;Bartin;20
2008;Batman;2
2008;Bayburt;4
2008;Bilecik;9
2008;Bingol;2
2008;Bitlis;4
2008;Bolu;218
2008;Burdur;48
2008;Bursa;557
2008;Canakkale;263
2008;Cankiri;9
2008;Corum;14
2008;Denizli;316
2008;Diyarbakir;339
2008;Duzce;110
2008;Edirne;263
2008;Elazig;468
2008;Erzincan;22
2008;Erzurum;626
2008;Eskisehir;602
2008;Gaziantep;351
2008;Giresun;42
2008;Gumushane;27
2008;Hatay;215
2008;Isparta;427
2008;Istanbul;4609
2008;Izmir;1635
2008;Kahramanmaras;168
2008;Karabuk;41
2008;Karaman;3
2008;Kars;130
2008;Kastamonu;22
2008;Kayseri;607
2008;Kilis;15
2008;Kirikkale;270
2008;Kirklareli;9
2008;Kirsehir;29
2008;Kocaeli;388
2008;Konya;629
2008;Kutahya;143
2008;Malatya;249
2008;Manisa;192
2008;Mardin;1
2008;Mersin;443
2008;Mugla;119
2008;Mus;270
2008;Nevsehir;22
2008;Nigde;174
2008;Ordu;44
2008;Osmaniye;9
2008;Rize;53
2008;Sakarya;200
2008;Samsun;543
2008;Sanliurfa;212
2008;Siirt;6
2008;Sinop;28
2008;Sivas;213
2008;Tekirdag;58
2008;Tokat;231
2008;Trabzon;498
2008;Usak;17
2008;Van;331
2008;Yozgat;49
2008;Zonguldak;233
2009;Adana;630
2009;Adiyaman;64
2009;Afyonkarahisar;245
2009;Agri;1312
2009;Aksaray;96
2009;Amasya;30
2009;Ankara;5902
2009;Antalya;483
2009;Ardahan;5
2009;Artvin;29
2009;Aydin;267
2009;Balikesir;152
2009;Bartin;43
2009;Batman;13
2009;Bayburt;6
2009;Bilecik;16
2009;Bingol;30
2009;Bitlis;4
2009;Bolu;266
2009;Burdur;77
2009;Bursa;579
2009;Canakkale;314
2009;Cankiri;21
2009;Corum;25
2009;Denizli;324
2009;Diyarbakir;346
2009;Duzce;135
2009;Edirne;280
2009;Elazig;486
2009;Erzincan;30
2009;Erzurum;807
2009;Eskisehir;730
2009;Gaziantep;323
2009;Giresun;47
2009;Gumushane;31
2009;Hakkari;2
2009;Hatay;294
2009;Isparta;493
2009;Istanbul;5360
2009;Izmir;1929
2009;Kahramanmaras;231
2009;Karabuk;85
2009;Karaman;10
2009;Kars;159
2009;Kastamonu;42
2009;Kayseri;689
2009;Kilis;26
2009;Kirikkale;253
2009;Kirklareli;6
2009;Kirsehir;79
2009;Kocaeli;422
2009;Konya;794
2009;Kutahya;203
2009;Malatya;258
2009;Manisa;284
2009;Mersin;423
2009;Mugla;167
2009;Mus;401
2009;Nevsehir;31
2009;Nigde;178
2009;Ordu;74
2009;Osmaniye;16
2009;Rize;89
2009;Sakarya;292
2009;Samsun;676
2009;Sanliurfa;215
2009;Siirt;12
2009;Sinop;50
2009;Sivas;237
2009;Tekirdag;102
2009;Tokat;259
2009;Trabzon;518
2009;Tunceli;7
2009;Usak;38
2009;Van;350
2009;Yalova;1
2009;Yozgat;47
2009;Zonguldak;212
2010;Adana;660
2010;Adiyaman;112
2010;Afyonkarahisar;206
2010;Agri;1339
2010;Aksaray;125
2010;Amasya;33
2010;Ankara;6069
2010;Antalya;498
2010;Ardahan;10
2010;Artvin;31
2010;Aydin;294
2010;Balikesir;170
2010;Bartin;58
2010;Batman;37
2010;Bayburt;16
2010;Bilecik;32
2010;Bingol;71
2010;Bitlis;24
2010;Bolu;210
2010;Burdur;85
2010;Bursa;636
2010;Canakkale;300
2010;Cankiri;37
2010;Corum;32
2010;Denizli;346
2010;Diyarbakir;375
2010;Duzce;201
2010;Edirne;239
2010;Elazig;482
2010;Erzincan;57
2010;Erzurum;845
2010;Eskisehir;772
2010;Gaziantep;379
2010;Giresun;69
2010;Gumushane;36
2010;Hakkari;3
2010;Hatay;282
2010;Isparta;518
2010;Istanbul;5989
2010;Izmir;2071
2010;Kahramanmaras;221
2010;Karabuk;96
2010;Karaman;37
2010;Kars;151
2010;Kastamonu;34
2010;Kayseri;745
2010;Kilis;27
2010;Kirikkale;241
2010;Kirklareli;13
2010;Kirsehir;77
2010;Kocaeli;414
2010;Konya;916
2010;Kutahya;178
2010;Malatya;307
2010;Manisa;288
2010;Mersin;516
2010;Mugla;193
2010;Mus;399
2010;Nevsehir;42
2010;Nigde;156
2010;Ordu;70
2010;Osmaniye;28
2010;Rize;128
2010;Sakarya;263
2010;Samsun;678
2010;Sanliurfa;238
2010;Siirt;25
2010;Sinop;59
2010;Sirnak;20
2010;Sivas;255
2010;Tekirdag;137
2010;Tokat;229
2010;Trabzon;628
2010;Tunceli;48
2010;Usak;44
2010;Van;472
2010;Yalova;15
2010;Yozgat;70
2010;Zonguldak;248
2011;Adana;711
2011;Adiyaman;171
2011;Afyonkarahisar;195
2011;Agri;1361
2011;Aksaray;141
2011;Amasya;44
2011;Ankara;6275
2011;Antalya;563
2011;Ardahan;12
2011;Artvin;39
2011;Aydin;275
2011;Balikesir;212
2011;Bartin;68
2011;Batman;55
2011;Bayburt;26
2011;Bilecik;41
2011;Bingol;81
2011;Bitlis;46
2011;Bolu;262
2011;Burdur;96
2011;Bursa;532
2011;Canakkale;355
2011;Cankiri;70
2011;Corum;46
2011;Denizli;370
2011;Diyarbakir;406
2011;Duzce;201
2011;Edirne;286
2011;Elazig;523
2011;Erzincan;111
2011;Erzurum;818
2011;Eskisehir;721
2011;Gaziantep;475
2011;Giresun;47
2011;Gumushane;83
2011;Hakkari;11
2011;Hatay;297
2011;Isparta;608
2011;Istanbul;6745
2011;Izmir;2245
2011;Kahramanmaras;210
2011;Karabuk;126
2011;Karaman;56
2011;Kars;173
2011;Kastamonu;28
2011;Kayseri;821
2011;Kilis;31
2011;Kirikkale;210
2011;Kirklareli;45
2011;Kirsehir;78
2011;Kocaeli;464
2011;Konya;1030
2011;Kutahya;229
2011;Malatya;343
2011;Manisa;294
2011;Mardin;5
2011;Mersin;610
2011;Mugla;185
2011;Mus;410
2011;Nevsehir;87
2011;Nigde;164
2011;Ordu;103
2011;Osmaniye;59
2011;Rize;165
2011;Sakarya;351
2011;Samsun;667
2011;Sanliurfa;261
2011;Siirt;18
2011;Sinop;57
2011;Sirnak;19
2011;Sivas;340
2011;Tekirdag;197
2011;Tokat;325
2011;Trabzon;630
2011;Tunceli;50
2011;Usak;50
2011;Van;658
2011;Yalova;47
2011;Yozgat;97
2011;Zonguldak;236
2012;Adana;715
2012;Adiyaman;182
2012;Afyonkarahisar;217
2012;Agri;978
2012;Aksaray;149
2012;Amasya;46
2012;Ankara;6503
2012;Antalya;600
2012;Ardahan;12
2012;Artvin;25
2012;Aydin;347
2012;Balikesir;223
2012;Bartin;69
2012;Batman;39
2012;Bayburt;23
2012;Bilecik;46
2012;Bingol;64
2012;Bitlis;43
2012;Bolu;294
2012;Burdur;121
2012;Bursa;509
2012;Canakkale;331
2012;Cankiri;86
2012;Corum;49
2012;Denizli;399
2012;Diyarbakir;485
2012;Duzce;269
2012;Edirne;260
2012;Elazig;549
2012;Erzincan;132
2012;Erzurum;846
2012;Eskisehir;763
2012;Gaziantep;596
2012;Giresun;73
2012;Gumushane;86
2012;Hakkari;16
2012;Hatay;295
2012;Isparta;568
2012;Istanbul;7561
2012;Izmir;2319
2012;Kahramanmaras;198
2012;Karabuk;108
2012;Karaman;80
2012;Kars;194
2012;Kastamonu;79
2012;Kayseri;892
2012;Kilis;32
2012;Kirikkale;254
2012;Kirklareli;52
2012;Kirsehir;76
2012;Kocaeli;526
2012;Konya;1092
2012;Kutahya;281
2012;Malatya;439
2012;Manisa;293
2012;Mardin;4
2012;Mersin;588
2012;Mugla;227
2012;Mus;439
2012;Nevsehir;106
2012;Nigde;143
2012;Ordu;82
2012;Osmaniye;44
2012;Rize;204
2012;Sakarya;462
2012;Samsun;720
2012;Sanliurfa;233
2012;Siirt;44
2012;Sinop;56
2012;Sirnak;38
2012;Sivas;462
2012;Tekirdag;146
2012;Tokat;318
2012;Trabzon;631
2012;Tunceli;40
2012;Usak;49
2012;Van;675
2012;Yalova;40
2012;Yozgat;121
2012;Zonguldak;239
2013;Adana;797
2013;Adiyaman;210
2013;Afyonkarahisar;262
2013;Agri;766
2013;Aksaray;183
2013;Amasya;69
2013;Ankara;7098
2013;Antalya;720
2013;Ardahan;16
2013;Artvin;36
2013;Aydin;348
2013;Balikesir;214
2013;Bartin;88
2013;Batman;45
2013;Bayburt;39
2013;Bilecik;70
2013;Bingol;48
2013;Bitlis;61
2013;Bolu;396
2013;Burdur;99
2013;Bursa;623
2013;Canakkale;424
2013;Cankiri;83
2013;Corum;104
2013;Denizli;422
2013;Diyarbakir;543
2013;Duzce;283
2013;Edirne;266
2013;Elazig;593
2013;Erzincan;143
2013;Erzurum;817
2013;Eskisehir;830
2013;Gaziantep;613
2013;Giresun;104
2013;Gumushane;84
2013;Hakkari;17
2013;Hatay;340
2013;Isparta;587
2013;Istanbul;8563
2013;Izmir;2601
2013;Kahramanmaras;266
2013;Karabuk;140
2013;Karaman;76
2013;Kars;182
2013;Kastamonu;98
2013;Kayseri;1009
2013;Kilis;49
2013;Kirikkale;284
2013;Kirklareli;64
2013;Kirsehir;111
2013;Kocaeli;608
2013;Konya;1184
2013;Kutahya;271
2013;Malatya;452
2013;Manisa;382
2013;Mardin;24
2013;Mersin;620
2013;Mugla;286
2013;Mus;521
2013;Nevsehir;131
2013;Nigde;217
2013;Ordu;110
2013;Osmaniye;77
2013;Rize;274
2013;Sakarya;563
2013;Samsun;687
2013;Sanliurfa;300
2013;Siirt;45
2013;Sinop;69
2013;Sirnak;27
2013;Sivas;442
2013;Tekirdag;213
2013;Tokat;347
2013;Trabzon;678
2013;Tunceli;74
2013;Usak;77
2013;Van;572
2013;Yalova;60
2013;Yozgat;155
2013;Zonguldak;284
2014;Adana;812
2014;Adiyaman;238
2014;Afyonkarahisar;233
2014;Agri;694
2014;Aksaray;193
2014;Amasya;92
2014;Ankara;7337
2014;Antalya;745
2014;Ardahan;14
2014;Artvin;46
2014;Aydin;387
2014;Balikesir;258
2014;Bartin;83
2014;Batman;65
2014;Bayburt;38
2014;Bilecik;88
2014;Bingol;66
2014;Bitlis;63
2014;Bolu;423
2014;Burdur;105
2014;Bursa;633
2014;Canakkale;534
2014;Cankiri;90
2014;Corum;157
2014;Denizli;468
2014;Diyarbakir;607
2014;Duzce;318
2014;Edirne;266
2014;Elazig;509
2014;Erzincan;178
2014;Erzurum;919
2014;Eskisehir;864
2014;Gaziantep;659
2014;Giresun;127
2014;Gumushane;110
2014;Hakkari;19
2014;Hatay;373
2014;Isparta;653
2014;Istanbul;8913
2014;Izmir;2689
2014;Kahramanmaras;244
2014;Karabuk;165
2014;Karaman;83
2014;Kars;249
2014;Kastamonu;120
2014;Kayseri;1001
2014;Kilis;38
2014;Kirikkale;290
2014;Kirklareli;55
2014;Kirsehir;116
2014;Kocaeli;587
2014;Konya;1177
2014;Kutahya;246
2014;Malatya;430
2014;Manisa;444
2014;Mardin;17
2014;Mersin;624
2014;Mugla;314
2014;Mus;560
2014;Nevsehir;129
2014;Nigde;202
2014;Ordu;134
2014;Osmaniye;64
2014;Rize;304
2014;Sakarya;717
2014;Samsun;751
2014;Sanliurfa;250
2014;Siirt;48
2014;Sinop;113
2014;Sirnak;7
2014;Sivas;357
2014;Tekirdag;228
2014;Tokat;340
2014;Trabzon;700
2014;Tunceli;52
2014;Usak;80
2014;Van;667
2014;Yalova;64
2014;Yozgat;252
2014;Zonguldak;275
2015;Adana;928
2015;Adiyaman;294
2015;Afyonkarahisar;283
2015;Agri;874
2015;Aksaray;208
2015;Amasya;82
2015;Ankara;7828
2015;Antalya;886
2015;Ardahan;26
2015;Artvin;58
2015;Aydin;546
2015;Balikesir;316
2015;Bartin;96
2015;Batman;72
2015;Bayburt;86
2015;Bilecik;84
2015;Bingol;111
2015;Bitlis;68
2015;Bolu;400
2015;Burdur;120
2015;Bursa;737
2015;Canakkale;578
2015;Cankiri;117
2015;Corum;200
2015;Denizli;521
2015;Diyarbakir;572
2015;Duzce;329
2015;Edirne;286
2015;Elazig;534
2015;Erzincan;256
2015;Erzurum;1043
2015;Eskisehir;1026
2015;Gaziantep;697
2015;Giresun;168
2015;Gumushane;111
2015;Hakkari;19
2015;Hatay;350
2015;Isparta;702
2015;Istanbul;9894
2015;Izmir;2955
2015;Kahramanmaras;254
2015;Karabuk;189
2015;Karaman;95
2015;Kars;299
2015;Kastamonu;117
2015;Kayseri;1092
2015;Kilis;74
2015;Kirikkale;338
2015;Kirklareli;44
2015;Kirsehir;125
2015;Kocaeli;750
2015;Konya;1385
2015;Kutahya;316
2015;Malatya;464
2015;Manisa;444
2015;Mardin;34
2015;Mersin;774
2015;Mugla;361
2015;Mus;564
2015;Nevsehir;126
2015;Nigde;198
2015;Ordu;193
2015;Osmaniye;76
2015;Rize;304
2015;Sakarya;763
2015;Samsun;819
2015;Sanliurfa;266
2015;Siirt;64
2015;Sinop;139
2015;Sirnak;14
2015;Sivas;387
2015;Tekirdag;244
2015;Tokat;410
2015;Trabzon;707
2015;Tunceli;61
2015;Usak;120
2015;Van;774
2015;Yalova;74
2015;Yozgat;212
2015;Zonguldak;334
2016;Adana;1013
2016;Adiyaman;365
2016;Afyonkarahisar;290
2016;Agri;1327
2016;Aksaray;244
2016;Amasya;120
2016;Ankara;8400
2016;Antalya;848
2016;Ardahan;34
2016;Artvin;80
2016;Aydin;645
2016;Balikesir;293
2016;Bartin;132
2016;Batman;81
2016;Bayburt;83
2016;Bilecik;91
2016;Bingol;126
2016;Bitlis;73
2016;Bolu;417
2016;Burdur;144
2016;Bursa;798
2016;Canakkale;503
2016;Cankiri;161
2016;Corum;235
2016;Denizli;590
2016;Diyarbakir;495
2016;Duzce;369
2016;Edirne;363
2016;Elazig;661
2016;Erzincan;335
2016;Erzurum;1082
2016;Eskisehir;1112
2016;Gaziantep;797
2016;Giresun;252
2016;Gumushane;115
2016;Hakkari;31
2016;Hatay;341
2016;Isparta;770
2016;Istanbul;10824
2016;Izmir;3011
2016;Kahramanmaras;303
2016;Karabuk;232
2016;Karaman;113
2016;Kars;383
2016;Kastamonu;131
2016;Kayseri;1100
2016;Kilis;85
2016;Kirikkale;347
2016;Kirklareli;57
2016;Kirsehir;182
2016;Kocaeli;909
2016;Konya;1404
2016;Kutahya;258
2016;Malatya;515
2016;Manisa;447
2016;Mardin;39
2016;Mersin;988
2016;Mugla;469
2016;Mus;520
2016;Nevsehir;120
2016;Nigde;281
2016;Ordu;258
2016;Osmaniye;89
2016;Rize;355
2016;Sakarya;793
2016;Samsun;849
2016;Sanliurfa;253
2016;Siirt;104
2016;Sinop;174
2016;Sirnak;14
2016;Sivas;479
2016;Tekirdag;294
2016;Tokat;469
2016;Trabzon;753
2016;Tunceli;90
2016;Usak;135
2016;Van;846
2016;Yalova;96
2016;Yozgat;228
2016;Zonguldak;387
2017;Adana;984
2017;Adiyaman;364
2017;Afyonkarahisar;191
2017;Agri;1512
2017;Aksaray;232
2017;Amasya;154
2017;Ankara;8118
2017;Antalya;759
2017;Ardahan;32
2017;Artvin;85
2017;Aydin;700
2017;Balikesir;245
2017;Bartin;123
2017;Batman;96
2017;Bayburt;93
2017;Bilecik;120
2017;Bingol;196
2017;Bitlis;86
2017;Bolu;365
2017;Burdur;153
2017;Bursa;805
2017;Canakkale;425
2017;Cankiri;166
2017;Corum;252
2017;Denizli;443
2017;Diyarbakir;393
2017;Duzce;322
2017;Edirne;304
2017;Elazig;696
2017;Erzincan;348
2017;Erzurum;996
2017;Eskisehir;1183
2017;Gaziantep;721
2017;Giresun;302
2017;Gumushane;125
2017;Hakkari;30
2017;Hatay;300
2017;Isparta;612
2017;Istanbul;10623
2017;Izmir;3098
2017;Kahramanmaras;238
2017;Karabuk;265
2017;Karaman;114
2017;Kars;331
2017;Kastamonu;162
2017;Kayseri;940
2017;Kilis;81
2017;Kirikkale;321
2017;Kirklareli;61
2017;Kirsehir;206
2017;Kocaeli;897
2017;Konya;1320
2017;Kutahya;242
2017;Malatya;494
2017;Manisa;374
2017;Mardin;36
2017;Mersin;1274
2017;Mugla;426
2017;Mus;447
2017;Nevsehir;131
2017;Nigde;237
2017;Ordu;229
2017;Osmaniye;116
2017;Rize;299
2017;Sakarya;686
2017;Samsun;756
2017;Sanliurfa;229
2017;Siirt;115
2017;Sinop;167
2017;Sirnak;22
2017;Sivas;432
2017;Tekirdag;271
2017;Tokat;418
2017;Trabzon;793
2017;Tunceli;122
2017;Usak;163
2017;Van;820
2017;Yalova;93
2017;Yozgat;212
2017;Zonguldak;305
2018;Adana;1321
2018;Adiyaman;536
2018;Afyonkarahisar;202
2018;Agri;1510
2018;Aksaray;270
2018;Amasya;135
2018;Ankara;8916
2018;Antalya;968
2018;Ardahan;50
2018;Artvin;78
2018;Aydin;1137
2018;Balikesir;293
2018;Bartin;157
2018;Batman;97
2018;Bayburt;88
2018;Bilecik;145
2018;Bingol;435
2018;Bitlis;100
2018;Bolu;340
2018;Burdur;190
2018;Bursa;934
2018;Canakkale;418
2018;Cankiri;180
2018;Corum;275
2018;Denizli;452
2018;Diyarbakir;351
2018;Duzce;349
2018;Edirne;348
2018;Elazig;815
2018;Erzincan;471
2018;Erzurum;1018
2018;Eskisehir;1124
2018;Gaziantep;796
2018;Giresun;433
2018;Gumushane;139
2018;Hakkari;34
2018;Hatay;361
2018;Isparta;577
2018;Istanbul;11734
2018;Izmir;3096
2018;Kahramanmaras;273
2018;Karabuk;309
2018;Karaman;228
2018;Kars;466
2018;Kastamonu;217
2018;Kayseri;1011
2018;Kilis;60
2018;Kirikkale;347
2018;Kirklareli;79
2018;Kirsehir;243
2018;Kocaeli;993
2018;Konya;1545
2018;Kutahya;243
2018;Malatya;557
2018;Manisa;411
2018;Mardin;32
2018;Mersin;1615
2018;Mugla;412
2018;Mus;535
2018;Nevsehir;143
2018;Nigde;284
2018;Ordu;288
2018;Osmaniye;134
2018;Rize;301
2018;Sakarya;701
2018;Samsun;785
2018;Sanliurfa;277
2018;Siirt;190
2018;Sinop;407
2018;Sirnak;37
2018;Sivas;462
2018;Tekirdag;292
2018;Tokat;507
2018;Trabzon;831
2018;Tunceli;164
2018;Usak;210
2018;Van;1172
2018;Yalova;135
2018;Yozgat;255
2018;Zonguldak;283
2019;Adana;1339
2019;Adiyaman;465
2019;Afyonkarahisar;279
2019;Agri;1942
2019;Aksaray;297
2019;Amasya;175
2019;Ankara;10382
2019;Antalya;1166
2019;Ardahan;84
2019;Artvin;137
2019;Aydin;1054
2019;Balikesir;366
2019;Bartin;281
2019;Batman;131
2019;Bayburt;131
2019;Bilecik;195
2019;Bingol;336
2019;Bitlis;153
2019;Bolu;537
2019;Burdur;254
2019;Bursa;1156
2019;Canakkale;479
2019;Cankiri;201
2019;Corum;344
2019;Denizli;559
2019;Diyarbakir;393
2019;Duzce;490
2019;Edirne;384
2019;Elazig;1123
2019;Erzincan;309
2019;Erzurum;1173
2019;Eskisehir;1343
2019;Gaziantep;811
2019;Giresun;363
2019;Gumushane;159
2019;Hakkari;73
2019;Hatay;419
2019;Isparta;720
2019;Istanbul;14481
2019;Izmir;3703
2019;Kahramanmaras;351
2019;Karabuk;433
2019;Karaman;353
2019;Kars;334
2019;Kastamonu;273
2019;Kayseri;1165
2019;Kilis;101
2019;Kirikkale;403
2019;Kirklareli;133
2019;Kirsehir;340
2019;Kocaeli;1239
2019;Konya;1664
2019;Kutahya;284
2019;Malatya;668
2019;Manisa;488
2019;Mardin;88
2019;Mersin;1688
2019;Mugla;514
2019;Mus;671
2019;Nevsehir;223
2019;Nigde;391
2019;Ordu;301
2019;Osmaniye;127
2019;Rize;389
2019;Sakarya;815
2019;Samsun;815
2019;Sanliurfa;383
2019;Siirt;185
2019;Sinop;270
2019;Sirnak;50
2019;Sivas;498
2019;Tekirdag;393
2019;Tokat;413
2019;Trabzon;943
2019;Tunceli;170
2019;Usak;282
2019;Van;1040
2019;Yalova;136
2019;Yozgat;409
2019;Zonguldak;359
2020;Adana;1419
2020;Adiyaman;373
2020;Afyonkarahisar;378
2020;Agri;2584
2020;Aksaray;360
2020;Amasya;228
2020;Ankara;11392
2020;Antalya;1338
2020;Ardahan;134
2020;Artvin;132
2020;Aydin;1222
2020;Balikesir;473
2020;Bartin;327
2020;Batman;158
2020;Bayburt;164
2020;Bilecik;210
2020;Bingol;329
2020;Bitlis;150
2020;Bolu;569
2020;Burdur;362
2020;Bursa;1253
2020;Canakkale;621
2020;Cankiri;231
2020;Corum;388
2020;Denizli;659
2020;Diyarbakir;446
2020;Duzce;571
2020;Edirne;426
2020;Elazig;1141
2020;Erzincan;387
2020;Erzurum;1386
2020;Eskisehir;1500
2020;Gaziantep;896
2020;Giresun;360
2020;Gumushane;205
2020;Hakkari;72
2020;Hatay;571
2020;Isparta;856
2020;Istanbul;16479
2020;Izmir;4226
2020;Kahramanmaras;393
2020;Karabuk;565
2020;Karaman;335
2020;Kars;331
2020;Kastamonu;339
2020;Kayseri;1388
2020;Kilis;138
2020;Kirikkale;455
2020;Kirklareli;171
2020;Kirsehir;377
2020;Kocaeli;1345
2020;Konya;2047
2020;Kutahya;363
2020;Malatya;740
2020;Manisa;585
2020;Mardin;95
2020;Mersin;1770
2020;Mugla;585
2020;Mus;891
2020;Nevsehir;245
2020;Nigde;443
2020;Ordu;323
2020;Osmaniye;137
2020;Rize;443
2020;Sakarya;933
2020;Samsun;1077
2020;Sanliurfa;447
2020;Siirt;268
2020;Sinop;248
2020;Sirnak;116
2020;Sivas;628
2020;Tekirdag;434
2020;Tokat;390
2020;Trabzon;995
2020;Tunceli;188
2020;Usak;376
2020;Van;1114
2020;Yalova;153
2020;Yozgat;484
2020;Zonguldak;410
2021;Adana;1722
2021;Adiyaman;515
2021;Afyonkarahisar;466
2021;Agri;2774
2021;Aksaray;470
2021;Amasya;298
2021;Ankara;13302
2021;Antalya;1679
2021;Ardahan;161
2021;Artvin;174
2021;Aydin;1448
2021;Balikesir;554
2021;Bartin;369
2021;Batman;181
2021;Bayburt;186
2021;Bilecik;324
2021;Bingol;438
2021;Bitlis;139
2021;Bolu;642
2021;Burdur;355
2021;Bursa;1441
2021;Canakkale;692
2021;Cankiri;293
2021;Corum;374
2021;Denizli;743
2021;Diyarbakir;603
2021;Duzce;671
2021;Edirne;564
2021;Elazig;1359
2021;Erzincan;446
2021;Erzurum;1828
2021;Eskisehir;1797
2021;Gaziantep;1046
2021;Giresun;459
2021;Gumushane;216
2021;Hakkari;98
2021;Hatay;614
2021;Isparta;921
2021;Istanbul;19219
2021;Izmir;4757
2021;Kahramanmaras;527
2021;Karabuk;682
2021;Karaman;471
2021;Kars;381
2021;Kastamonu;376
2021;Kayseri;1783
2021;Kilis;123
2021;Kirikkale;496
2021;Kirklareli;214
2021;Kirsehir;390
2021;Kocaeli;1699
2021;Konya;2593
2021;Kutahya;546
2021;Malatya;1080
2021;Manisa;663
2021;Mardin;153
2021;Mersin;2292
2021;Mugla;697
2021;Mus;1003
2021;Nevsehir;295
2021;Nigde;491
2021;Ordu;394
2021;Osmaniye;202
2021;Rize;542
2021;Sakarya;1266
2021;Samsun;1270
2021;Sanliurfa;555
2021;Siirt;350
2021;Sinop;313
2021;Sirnak;126
2021;Sivas;834
2021;Tekirdag;528
2021;Tokat;497
2021;Trabzon;1065
2021;Tunceli;226
2021;Usak;392
2021;Van;1296
2021;Yalova;170
2021;Yozgat;461
2021;Zonguldak;485
2022;Adana;1912
2022;Adiyaman;527
2022;Afyonkarahisar;581
2022;Agri;3466
2022;Aksaray;489
2022;Amasya;344
2022;Ankara;14889
2022;Antalya;1784
2022;Ardahan;162
2022;Artvin;197
2022;Aydin;1587
2022;Balikesir;680
2022;Bartin;521
2022;Batman;254
2022;Bayburt;203
2022;Bilecik;389
2022;Bingol;443
2022;Bitlis;172
2022;Bolu;668
2022;Burdur;445
2022;Bursa;1744
2022;Canakkale;784
2022;Cankiri;356
2022;Corum;446
2022;Denizli;856
2022;Diyarbakir;683
2022;Duzce;798
2022;Edirne;612
2022;Elazig;1588
2022;Erzincan;602
2022;Erzurum;2136
2022;Eskisehir;1923
2022;Gaziantep;1136
2022;Giresun;477
2022;Gumushane;193
2022;Hakkari;118
2022;Hatay;724
2022;Isparta;1093
2022;Istanbul;23717
2022;Izmir;5600
2022;Kahramanmaras;586
2022;Karabuk;851
2022;Karaman;551
2022;Kars;385
2022;Kastamonu;476
2022;Kayseri;2021
2022;Kilis;145
2022;Kirikkale;446
2022;Kirklareli;242
2022;Kirsehir;433
2022;Kocaeli;1893
2022;Konya;2896
2022;Kutahya;549
2022;Malatya;1231
2022;Manisa;768
2022;Mardin;143
2022;Mersin;2626
2022;Mugla;727
2022;Mus;1286
2022;Nevsehir;332
2022;Nigde;540
2022;Ordu;415
2022;Osmaniye;276
2022;Rize;578
2022;Sakarya;1447
2022;Samsun;1565
2022;Sanliurfa;598
2022;Siirt;475
2022;Sinop;331
2022;Sirnak;128
2022;Sivas;1072
2022;Tekirdag;649
2022;Tokat;554
2022;Trabzon;1376
2022;Tunceli;256
2022;Usak;449
2022;Van;1453
2022;Yalova;248
2022;Yozgat;469
2022;Zonguldak;503
2023;Adana;2064
2023;Adiyaman;612
2023;Afyonkarahisar;626
2023;Agri;4046
2023;Aksaray;526
2023;Amasya;344
2023;Ankara;15528
2023;Antalya;2081
2023;Ardahan;182
2023;Artvin;242
2023;Aydin;1628
2023;Balikesir;871
2023;Bartin;641
2023;Batman;352
2023;Bayburt;222
2023;Bilecik;469
2023;Bingol;523
2023;Bitlis;231
2023;Bolu;698
2023;Burdur;534
2023;Bursa;1948
2023;Canakkale;829
2023;Cankiri;411
2023;Corum;501
2023;Denizli;917
2023;Diyarbakir;763
2023;Duzce;883
2023;Edirne;605
2023;Elazig;1707
2023;Erzincan;699
2023;Erzurum;2491
2023;Eskisehir;2245
2023;Gaziantep;1359
2023;Giresun;529
2023;Gumushane;285
2023;Hakkari;135
2023;Hatay;754
2023;Isparta;1242
2023;Istanbul;26469
2023;Izmir;6084
2023;Kahramanmaras;560
2023;Karabuk;943
2023;Karaman;662
2023;Kars;513
2023;Kastamonu;656
2023;Kayseri;2249
2023;Kilis;132
2023;Kirikkale;539
2023;Kirklareli;282
2023;Kirsehir;464
2023;Kocaeli;2284
2023;Konya;3323
2023;Kutahya;589
2023;Malatya;1243
2023;Manisa;870
2023;Mardin;192
2023;Mersin;3322
2023;Mugla;796
2023;Mus;1452
2023;Nevsehir;367
2023;Nigde;573
2023;Ordu;456
2023;Osmaniye;429
2023;Rize;745
2023;Sakarya;1632
2023;Samsun;1645
2023;Sanliurfa;724
2023;Siirt;608
2023;Sinop;376
2023;Sirnak;152
2023;Sivas;1419
2023;Tekirdag;609
2023;Tokat;635
2023;Trabzon;1575
2023;Tunceli;290
2023;Usak;467
2023;Van;1524
2023;Yalova;316
2023;Yozgat;472
2023;Zonguldak;612
2024;Adana;2055
2024;Adiyaman;463
2024;Afyonkarahisar;639
2024;Agri;3719
2024;Aksaray;497
2024;Amasya;343
2024;Ankara;14819
2024;Antalya;2018
2024;Ardahan;134
2024;Artvin;258
2024;Aydin;1757
2024;Balikesir;857
2024;Bartin;641
2024;Batman;406
2024;Bayburt;266
2024;Bilecik;484
2024;Bingol;464
2024;Bitlis;238
2024;Bolu;621
2024;Burdur;512
2024;Bursa;1849
2024;Canakkale;853
2024;Cankiri;424
2024;Corum;401
2024;Denizli;826
2024;Diyarbakir;730
2024;Duzce;779
2024;Edirne;560
2024;Elazig;1597
2024;Erzincan;640
2024;Erzurum;2403
2024;Eskisehir;1972
2024;Gaziantep;1384
2024;Giresun;467
2024;Gumushane;337
2024;Hakkari;130
2024;Hatay;644
2024;Isparta;1075
2024;Istanbul;24840
2024;Izmir;5644
2024;Kahramanmaras;545
2024;Karabuk;867
2024;Karaman;552
2024;Kars;447
2024;Kastamonu;566
2024;Kayseri;2083
2024;Kilis;124
2024;Kirikkale;516
2024;Kirklareli;268
2024;Kirsehir;409
2024;Kocaeli;2045
2024;Konya;3277
2024;Kutahya;617
2024;Malatya;1132
2024;Manisa;794
2024;Mardin;235
2024;Mersin;3112
2024;Mugla;759
2024;Mus;1348
2024;Nevsehir;357
2024;Nigde;606
2024;Ordu;413
2024;Osmaniye;342
2024;Rize;927
2024;Sakarya;1751
2024;Samsun;1616
2024;Sanliurfa;681
2024;Siirt;632
2024;Sinop;360
2024;Sirnak;89
2024;Sivas;1244
2024;Tekirdag;595
2024;Tokat;624
2024;Trabzon;1592
2024;Tunceli;321
2024;Usak;483
2024;Van;1453
2024;Yalova;267
2024;Yozgat;481
2024;Zonguldak;558
