Year,City,Article Count
2024,Kayseri,2265
2024,Bitlis,289
2024,Van,1152
2024,Istanbul,27786
2024,Ankara,17592
2024,Erzurum,2601
2024,Denizli,900
2024,Sanliurfa,848
2024,Tokat,681
2024,Mersin,3316
2024,Nigde,638
2024,Trabzon,1759
2024,Konya,3483
2024,Isparta,1130
2024,Izmir,6700
2024,Duzce,821
2024,Rize,953
2024,Gaziantep,1577
2024,Elazig,1719
2024,Bilecik,526
2024,Sakarya,1859
2024,Yalova,316
2024,Hatay,759
2024,Aksaray,537
2024,Afyonkarahisar,674
2024,Adana,2312
2024,Antalya,2363
2024,Kocaeli,2719
2024,Tekirdag,740
2024,Sivas,1370
2024,Karabuk,915
2024,Eskisehir,2270
2024,Aydin,1457
2024,Bursa,2208
2024,Malatya,1212
2024,Edirne,609
2024,Samsun,1757
2024,Diyarbakir,890
2024,Kastamonu,626
2024,Kahramanmaras,700
2024,Yozgat,617
2024,Manisa,949
2024,Agri,375
2024,Siirt,673
2024,Bartin,665
2024,Usak,539
2024,Amasya,375
2024,Zonguldak,624
2024,Balikesir,983
2024,Sirnak,139
2024,Adiyaman,522
2024,Mugla,844
2024,Mardin,332
2024,Ordu,483
2024,Kutahya,652
2024,Batman,464
2024,Kars,479
2024,Bayburt,292
2024,Canakkale,941
2024,Bingol,506
2024,Nevsehir,400
2024,Kilis,150
2024,Osmaniye,391
2024,Bolu,643
2024,Gumushane,380
2024,Kirsehir,435
2024,Sinop,387
2024,Giresun,511
2024,Corum,429
2024,Hakkari,150
2024,Mus,382
2024,Erzincan,697
2024,Cankiri,445
2024,Artvin,274
2024,Karaman,564
2024,Burdur,536
2024,Ardahan,170
2024,Igdir,326
2024,Tunceli,336
2024,Kirkareli,1
2023,Sivas,1521
2023,Istanbul,29758
2023,Ankara,18637
2023,Mardin,269
2023,Diyarbakir,938
2023,Adana,2321
2023,Sanliurfa,908
2023,Kahramanmaras,684
2023,Kocaeli,3070
2023,Trabzon,1759
2023,Mersin,3490
2023,Mugla,886
2023,Bilecik,518
2023,Erzurum,2699
2023,Van,1147
2023,Bitlis,264
2023,Antalya,2360
2023,Izmir,7338
2023,Ardahan,210
2023,Samsun,1844
2023,Aydin,1368
2023,Konya,3512
2023,Kutahya,656
2023,Kastamonu,720
2023,Corum,529
2023,Erzincan,732
2023,Manisa,1023
2023,Usak,509
2023,Edirne,655
2023,Tekirdag,772
2023,Afyonkarahisar,683
2023,Bartin,653
2023,Yozgat,631
2023,Bursa,2340
2023,Eskisehir,2583
2023,Aksaray,577
2023,Balikesir,1000
2023,Tunceli,302
2023,Malatya,1342
2023,Elazig,1830
2023,Kars,559
2023,Hakkari,152
2023,Canakkale,901
2023,Nigde,602
2023,Sirnak,192
2023,Amasya,383
2023,Duzce,927
2023,Sakarya,1768
2023,Rize,775
2023,Bolu,722
2023,Gaziantep,1587
2023,Kirsehir,496
2023,Tokat,735
2023,Kayseri,2449
2023,Bayburt,241
2023,Karabuk,977
2023,Denizli,982
2023,Giresun,571
2023,Gumushane,325
2023,Mus,442
2023,Agri,370
2023,Zonguldak,680
2023,Hatay,869
2023,Siirt,645
2023,Kilis,155
2023,Igdir,432
2023,Isparta,1324
2023,Adiyaman,666
2023,Ordu,507
2023,Karaman,676
2023,Cankiri,457
2023,Batman,403
2023,Burdur,563
2023,Bingol,560
2023,Osmaniye,465
2023,Nevsehir,405
2023,Artvin,261
2023,Yalova,368
2023,Sinop,410
2022,Ankara,17668
2022,Istanbul,26629
2022,Edirne,655
2022,Konya,3123
2022,Nigde,581
2022,Van,1211
2022,Kocaeli,2569
2022,Mardin,240
2022,Eskisehir,2197
2022,Izmir,6753
2022,Mersin,2818
2022,Mugla,806
2022,Canakkale,843
2022,Agri,358
2022,Malatya,1365
2022,Bayburt,237
2022,Manisa,915
2022,Balikesir,818
2022,Adana,2185
2022,Gaziantep,1348
2022,Erzurum,2307
2022,Bartin,539
2022,Kayseri,2256
2022,Bursa,2132
2022,Zonguldak,582
2022,Kutahya,618
2022,Afyonkarahisar,635
2022,Sivas,1175
2022,Trabzon,1531
2022,Ordu,469
2022,Kastamonu,528
2022,Erzincan,647
2022,Duzce,862
2022,Kilis,160
2022,Kirsehir,457
2022,Kahramanmaras,692
2022,Karabuk,892
2022,Bingol,489
2022,Osmaniye,337
2022,Samsun,1767
2022,Aydin,1255
2022,Antalya,2108
2022,Kars,416
2022,Diyarbakir,869
2022,Giresun,507
2022,Cankiri,408
2022,Denizli,966
2022,Sanliurfa,765
2022,Isparta,1209
2022,Tekirdag,774
2022,Sakarya,1579
2022,Nevsehir,376
2022,Elazig,1663
2022,Tokat,652
2022,Amasya,374
2022,Rize,626
2022,Karaman,582
2022,Hatay,862
2022,Batman,315
2022,Mus,371
2022,Sirnak,163
2022,Aksaray,525
2022,Adiyaman,605
2022,Bolu,693
2022,Bilecik,434
2022,Yalova,290
2022,Corum,471
2022,Yozgat,614
2022,Hakkari,140
2022,Siirt,500
2022,Artvin,216
2022,Usak,506
2022,Gumushane,222
2022,Ardahan,178
2022,Burdur,491
2022,Bitlis,213
2022,Tunceli,273
2022,Sinop,365
2022,Igdir,244
2022,Kirikale,1
2022,Kirkareli,1
2021,Denizli,870
2021,Istanbul,22110
2021,Gaziantep,1265
2021,Kahramanmaras,620
2021,Izmir,5869
2021,Ankara,15892
2021,Antalya,2022
2021,Mersin,2489
2021,Eskisehir,2060
2021,Malatya,1219
2021,Duzce,719
2021,Samsun,1453
2021,Kutahya,607
2021,Sakarya,1391
2021,Adana,2011
2021,Hatay,731
2021,Trabzon,1217
2021,Osmaniye,241
2021,Erzurum,2023
2021,Konya,2796
2021,Bursa,1786
2021,Diyarbakir,744
2021,Edirne,619
2021,Canakkale,754
2021,Bayburt,211
2021,Elazig,1445
2021,Balikesir,651
2021,Siirt,386
2021,Aydin,1226
2021,Tunceli,245
2021,Ordu,451
2021,Gumushane,257
2021,Kayseri,2069
2021,Bingol,484
2021,Corum,417
2021,Tekirdag,610
2021,Karabuk,716
2021,Isparta,997
2021,Manisa,824
2021,Kocaeli,2274
2021,Agri,308
2021,Sanliurfa,733
2021,Adiyaman,570
2021,Kirsehir,417
2021,Tokat,572
2021,Van,1063
2021,Bolu,673
2021,Nevsehir,349
2021,Afyonkarahisar,524
2021,Yozgat,623
2021,Zonguldak,541
2021,Bilecik,368
2021,Artvin,199
2021,Kastamonu,417
2021,Aksaray,496
2021,Mus,322
2021,Sivas,916
2021,Mugla,776
2021,Bartin,390
2021,Erzincan,484
2021,Giresun,501
2021,Rize,588
2021,Mardin,246
2021,Kars,404
2021,Nigde,525
2021,Usak,427
2021,Cankiri,332
2021,Ardahan,179
2021,Amasya,323
2021,Bitlis,173
2021,Karaman,500
2021,Batman,236
2021,Hakkari,133
2021,Sinop,339
2021,Sirnak,168
2021,Igdir,249
2021,Burdur,385
2021,Kilis,148
2021,Yalova,219
2020,Ankara,13916
2020,Kocaeli,1988
2020,Erzurum,1543
2020,Istanbul,19135
2020,Gaziantep,1061
2020,Izmir,5282
2020,Giresun,392
2020,Duzce,619
2020,Kayseri,1630
2020,Mugla,641
2020,Antalya,1668
2020,Edirne,496
2020,Eskisehir,1745
2020,Bayburt,193
2020,Corum,434
2020,Nigde,474
2020,Kastamonu,381
2020,Adana,1669
2020,Konya,2290
2020,Erzincan,430
2020,Denizli,764
2020,Sanliurfa,577
2020,Diyarbakir,590
2020,Osmaniye,177
2020,Yozgat,589
2020,Samsun,1225
2020,Kutahya,401
2020,Van,911
2020,Bursa,1541
2020,Kars,373
2020,Hatay,664
2020,Aydin,984
2020,Usak,413
2020,Sinop,280
2020,Manisa,715
2020,Balikesir,573
2020,Ordu,361
2020,Malatya,835
2020,Karabuk,613
2020,Igdir,193
2020,Tokat,460
2020,Bitlis,171
2020,Mus,242
2020,Mersin,1982
2020,Bartin,347
2020,Elazig,1241
2020,Cankiri,272
2020,Canakkale,670
2020,Bilecik,249
2020,Sakarya,1040
2020,Batman,204
2020,Trabzon,1117
2020,Nevsehir,285
2020,Agri,228
2020,Afyonkarahisar,430
2020,Gumushane,234
2020,Sivas,690
2020,Sirnak,136
2020,Bingol,379
2020,Tekirdag,524
2020,Karaman,350
2020,Bolu,610
2020,Isparta,944
2020,Kahramanmaras,478
2020,Artvin,160
2020,Rize,493
2020,Kirsehir,394
2020,Hakkari,110
2020,Adiyaman,428
2020,Amasya,252
2020,Siirt,306
2020,Aksaray,391
2020,Burdur,382
2020,Zonguldak,468
2020,Mardin,150
2020,Tunceli,211
2020,Kilis,153
2020,Yalova,201
2020,Ardahan,153
2020,Kirkareli,1
2019,Sinop,307
2019,Istanbul,17001
2019,Bursa,1365
2019,Mersin,1865
2019,Ankara,12912
2019,Isparta,786
2019,Trabzon,1078
2019,Hatay,511
2019,Samsun,979
2019,Van,801
2019,Eskisehir,1555
2019,Izmir,4812
2019,Malatya,831
2019,Kocaeli,1778
2019,Sakarya,932
2019,Elazig,1237
2019,Afyonkarahisar,350
2019,Mardin,151
2019,Bingol,375
2019,Adana,1557
2019,Kars,364
2019,Aydin,905
2019,Konya,1859
2019,Adiyaman,500
2019,Erzincan,340
2019,Mugla,565
2019,Antalya,1518
2019,Giresun,394
2019,Usak,321
2019,Igdir,147
2019,Erzurum,1320
2019,Kahramanmaras,439
2019,Sirnak,84
2019,Karaman,366
2019,Tokat,458
2019,Burdur,284
2019,Kayseri,1394
2019,Siirt,216
2019,Zonguldak,411
2019,Sivas,583
2019,Corum,375
2019,Aksaray,331
2019,Tekirdag,475
2019,Canakkale,529
2019,Karabuk,466
2019,Nevsehir,277
2019,Balikesir,445
2019,Nigde,429
2019,Yozgat,477
2019,Bilecik,227
2019,Amasya,204
2019,Gumushane,176
2019,Gaziantep,952
2019,Bitlis,191
2019,Kutahya,318
2019,Sanliurfa,521
2019,Denizli,634
2019,Tunceli,202
2019,Yalova,168
2019,Rize,435
2019,Bartin,300
2019,Kirsehir,365
2019,Bayburt,153
2019,Duzce,561
2019,Kastamonu,313
2019,Artvin,156
2019,Diyarbakir,549
2019,Kilis,113
2019,Edirne,420
2019,Bolu,581
2019,Manisa,592
2019,Hakkari,98
2019,Ordu,352
2019,Cankiri,235
2019,Mus,216
2019,Agri,174
2019,Osmaniye,154
2019,Batman,169
2019,Ardahan,97
2018,Istanbul,13995
2018,Kocaeli,1518
2018,Ankara,11101
2018,Eskisehir,1252
2018,Bursa,1121
2018,Izmir,4295
2018,Sakarya,788
2018,Gaziantep,927
2018,Sanliurfa,396
2018,Kastamonu,252
2018,Kayseri,1210
2018,Konya,1685
2018,Aydin,1094
2018,Isparta,644
2018,Afyonkarahisar,244
2018,Nevsehir,176
2018,Trabzon,984
2018,Gumushane,161
2018,Denizli,495
2018,Elazig,893
2018,Adana,1490
2018,Mersin,1714
2018,Zonguldak,340
2018,Antalya,1214
2018,Karabuk,336
2018,Sivas,524
2018,Samsun,900
2018,Edirne,377
2018,Corum,303
2018,Siirt,207
2018,Ordu,319
2018,Balikesir,353
2018,Tekirdag,374
2018,Diyarbakir,460
2018,Erzurum,1138
2018,Amasya,150
2018,Manisa,503
2018,Bitlis,136
2018,Yozgat,317
2018,Malatya,627
2018,Erzincan,495
2018,Aksaray,293
2018,Van,715
2018,Nigde,305
2018,Hatay,431
2018,Kutahya,279
2018,Kahramanmaras,338
2018,Duzce,399
2018,Adiyaman,566
2018,Agri,118
2018,Batman,137
2018,Bolu,370
2018,Mugla,446
2018,Sinop,418
2018,Canakkale,465
2018,Bingol,460
2018,Tokat,554
2018,Mus,119
2018,Kars,496
2018,Giresun,454
2018,Rize,340
2018,Kirsehir,261
2018,Usak,227
2018,Kilis,75
2018,Ardahan,65
2018,Sirnak,55
2018,Mardin,74
2018,Artvin,101
2018,Bartin,175
2018,Cankiri,200
2018,Tunceli,183
2018,Burdur,210
2018,Hakkari,52
2018,Bilecik,177
2018,Karaman,234
2018,Yalova,152
2018,Osmaniye,161
2018,Igdir,107
2018,Bayburt,111
2018,Kirikale,1
2017,Izmir,4319
2017,Istanbul,13402
2017,Sakarya,790
2017,Sivas,509
2017,Kayseri,1190
2017,Trabzon,961
2017,Ankara,10971
2017,Siirt,141
2017,Denizli,511
2017,Aydin,800
2017,Adana,1198
2017,Isparta,687
2017,Eskisehir,1382
2017,Karabuk,289
2017,Nevsehir,171
2017,Kocaeli,1423
2017,Diyarbakir,505
2017,Zonguldak,410
2017,Bolu,404
2017,Antalya,1056
2017,Afyonkarahisar,256
2017,Canakkale,469
2017,Nigde,274
2017,Bursa,1018
2017,Manisa,497
2017,Corum,288
2017,Rize,348
2017,Erzurum,1133
2017,Malatya,609
2017,Kastamonu,187
2017,Kahramanmaras,336
2017,Bartin,139
2017,Hatay,359
2017,Gaziantep,873
2017,Konya,1513
2017,Kirsehir,224
2017,Yozgat,262
2017,Adiyaman,389
2017,Samsun,902
2017,Van,628
2017,Kutahya,286
2017,Kilis,96
2017,Igdir,83
2017,Duzce,383
2017,Elazig,796
2017,Kars,371
2017,Osmaniye,143
2017,Tekirdag,347
2017,Usak,207
2017,Mersin,1408
2017,Tokat,468
2017,Balikesir,302
2017,Ordu,266
2017,Giresun,332
2017,Sanliurfa,332
2017,Erzincan,386
2017,Edirne,344
2017,Mugla,481
2017,Bitlis,131
2017,Agri,108
2017,Hakkari,51
2017,Aksaray,276
2017,Sirnak,44
2017,Amasya,171
2017,Mus,114
2017,Burdur,184
2017,Bingol,225
2017,Gumushane,158
2017,Batman,140
2017,Mardin,81
2017,Ardahan,47
2017,Bilecik,156
2017,Sinop,184
2017,Cankiri,184
2017,Bayburt,110
2017,Tunceli,139
2017,Karaman,128
2017,Artvin,108
2017,Yalova,121
2017,Kirikale,1
2016,Kars,444
2016,Erzurum,1282
2016,Ankara,12055
2016,Balikesir,377
2016,Istanbul,14127
2016,Izmir,4131
2016,Konya,1653
2016,Manisa,547
2016,Sirnak,59
2016,Sanliurfa,346
2016,Kastamonu,169
2016,Gaziantep,932
2016,Eskisehir,1324
2016,Sakarya,933
2016,Adana,1248
2016,Hatay,396
2016,Denizli,669
2016,Yozgat,282
2016,Samsun,1022
2016,Kayseri,1347
2016,Zonguldak,468
2016,Tokat,523
2016,Isparta,859
2016,Kocaeli,1488
2016,Canakkale,566
2016,Mersin,1106
2016,Diyarbakir,626
2016,Edirne,411
2016,Trabzon,889
2016,Yalova,133
2016,Ordu,313
2016,Giresun,304
2016,Rize,404
2016,Afyonkarahisar,343
2016,Malatya,613
2016,Kirsehir,206
2016,Gumushane,147
2016,Aydin,716
2016,Kutahya,288
2016,Erzincan,369
2016,Agri,131
2016,Mugla,539
2016,Burdur,171
2016,Elazig,770
2016,Bursa,1086
2016,Hakkari,59
2016,Sivas,545
2016,Ardahan,52
2016,Corum,278
2016,Van,723
2016,Antalya,1188
2016,Kahramanmaras,436
2016,Nevsehir,150
2016,Tekirdag,377
2016,Nigde,329
2016,Bolu,442
2016,Siirt,135
2016,Duzce,419
2016,Batman,132
2016,Adiyaman,391
2016,Bayburt,90
2016,Karabuk,267
2016,Mus,91
2016,Aksaray,300
2016,Cankiri,184
2016,Karaman,131
2016,Amasya,140
2016,Bitlis,134
2016,Bartin,153
2016,Osmaniye,123
2016,Bingol,168
2016,Usak,171
2016,Mardin,69
2016,Bilecik,119
2016,Artvin,95
2016,Sinop,184
2016,Tunceli,102
2016,Kilis,104
2016,Igdir,58
2015,Ankara,11605
2015,Istanbul,13060
2015,Zonguldak,396
2015,Isparta,793
2015,Kirsehir,146
2015,Kocaeli,1436
2015,Eskisehir,1227
2015,Kutahya,367
2015,Bitlis,105
2015,Ordu,248
2015,Samsun,1011
2015,Erzurum,1270
2015,Mugla,438
2015,Kastamonu,165
2015,Sakarya,879
2015,Gaziantep,819
2015,Aydin,615
2015,Kayseri,1313
2015,Trabzon,858
2015,Izmir,4007
2015,Bursa,1026
2015,Kilis,92
2015,Yozgat,270
2015,Rize,365
2015,Canakkale,677
2015,Diyarbakir,740
2015,Batman,127
2015,Manisa,552
2015,Konya,1647
2015,Balikesir,385
2015,Karaman,121
2015,Sivas,442
2015,Tokat,467
2015,Tekirdag,344
2015,Bolu,430
2015,Van,683
2015,Mersin,920
2015,Antalya,1244
2015,Karabuk,219
2015,Adana,1221
2015,Kars,393
2015,Adiyaman,333
2015,Erzincan,290
2015,Burdur,144
2015,Elazig,621
2015,Malatya,612
2015,Corum,262
2015,Siirt,105
2015,Nigde,226
2015,Aksaray,291
2015,Edirne,354
2015,Denizli,611
2015,Amasya,111
2015,Duzce,383
2015,Bilecik,104
2015,Yalova,94
2015,Sinop,153
2015,Giresun,203
2015,Osmaniye,114
2015,Kahramanmaras,362
2015,Cankiri,141
2015,Bingol,144
2015,Mardin,73
2015,Usak,137
2015,Artvin,89
2015,Mus,97
2015,Hatay,440
2015,Sanliurfa,378
2015,Tunceli,73
2015,Nevsehir,164
2015,Gumushane,129
2015,Bartin,106
2015,Afyonkarahisar,326
2015,Ardahan,47
2015,Bayburt,102
2015,Igdir,43
2015,Agri,198
2015,Sirnak,83
2015,Hakkari,52
2014,Osmaniye,100
2014,Adana,1073
2014,Bayburt,44
2014,Ankara,10754
2014,Tokat,405
2014,Mersin,745
2014,Kars,313
2014,Istanbul,11838
2014,Izmir,3664
2014,Adiyaman,278
2014,Erzincan,196
2014,Cankiri,115
2014,Isparta,742
2014,Gaziantep,809
2014,Kilis,53
2014,Hatay,449
2014,Kahramanmaras,357
2014,Kastamonu,148
2014,Erzurum,1102
2014,Samsun,873
2014,Mugla,397
2014,Karabuk,187
2014,Sakarya,817
2014,Elazig,602
2014,Bitlis,91
2014,Antalya,995
2014,Kayseri,1218
2014,Zonguldak,324
2014,Eskisehir,1059
2014,Bingol,83
2014,Nevsehir,161
2014,Sanliurfa,355
2014,Aydin,459
2014,Diyarbakir,776
2014,Van,592
2014,Konya,1454
2014,Kocaeli,1349
2014,Bursa,868
2014,Aksaray,244
2014,Artvin,73
2014,Yozgat,312
2014,Bolu,480
2014,Duzce,371
2014,Ardahan,32
2014,Kutahya,283
2014,Denizli,559
2014,Afyonkarahisar,273
2014,Trabzon,853
2014,Sivas,429
2014,Batman,129
2014,Giresun,164
2014,Tunceli,61
2014,Manisa,536
2014,Nigde,235
2014,Canakkale,618
2014,Malatya,563
2014,Bartin,89
2014,Rize,364
2014,Sinop,129
2014,Tekirdag,312
2014,Usak,102
2014,Bilecik,116
2014,Mardin,53
2014,Corum,196
2014,Balikesir,340
2014,Ordu,185
2014,Mus,61
2014,Karaman,105
2014,Agri,133
2014,Edirne,317
2014,Siirt,68
2014,Kirsehir,136
2014,Gumushane,135
2014,Amasya,120
2014,Burdur,130
2014,Yalova,85
2014,Hakkari,52
2014,Sirnak,52
2014,Igdir,27
2013,Ankara,10535
2013,Antalya,967
2013,Yalova,87
2013,Istanbul,11344
2013,Tekirdag,254
2013,Duzce,360
2013,Burdur,125
2013,Isparta,697
2013,Hatay,423
2013,Kayseri,1242
2013,Bilecik,88
2013,Elazig,717
2013,Konya,1442
2013,Aydin,414
2013,Sakarya,655
2013,Siirt,75
2013,Mersin,745
2013,Samsun,837
2013,Izmir,3462
2013,Bolu,441
2013,Afyonkarahisar,301
2013,Manisa,449
2013,Mugla,374
2013,Edirne,299
2013,Eskisehir,947
2013,Artvin,45
2013,Van,495
2013,Denizli,494
2013,Gumushane,104
2013,Erzurum,961
2013,Agri,100
2013,Aksaray,214
2013,Canakkale,505
2013,Bartin,95
2013,Diyarbakir,720
2013,Bingol,63
2013,Kocaeli,1367
2013,Osmaniye,114
2013,Trabzon,840
2013,Bursa,865
2013,Sinop,85
2013,Kilis,63
2013,Adiyaman,253
2013,Ordu,153
2013,Sivas,522
2013,Sanliurfa,396
2013,Nigde,251
2013,Adana,1038
2013,Sirnak,42
2013,Giresun,133
2013,Yozgat,202
2013,Balikesir,266
2013,Kars,231
2013,Karabuk,177
2013,Cankiri,103
2013,Karaman,102
2013,Ardahan,33
2013,Tokat,404
2013,Kutahya,309
2013,Gaziantep,750
2013,Bayburt,46
2013,Malatya,586
2013,Zonguldak,345
2013,Kirsehir,123
2013,Tunceli,82
2013,Usak,88
2013,Kahramanmaras,369
2013,Nevsehir,156
2013,Kastamonu,130
2013,Bitlis,89
2013,Igdir,56
2013,Rize,323
2013,Hakkari,47
2013,Erzincan,179
2013,Corum,127
2013,Amasya,97
2013,Mus,70
2013,Mardin,81
2013,Batman,87
2013,Kirkareli,1
2012,Denizli,499
2012,Ankara,9481
2012,Aydin,426
2012,Antalya,784
2012,Aksaray,177
2012,Kayseri,1079
2012,Mugla,271
2012,Konya,1286
2012,Izmir,3179
2012,Erzurum,998
2012,Bursa,687
2012,Isparta,640
2012,Istanbul,10122
2012,Canakkale,388
2012,Gaziantep,705
2012,Erzincan,154
2012,Van,550
2012,Samsun,881
2012,Kocaeli,1174
2012,Hatay,361
2012,Manisa,380
2012,Kirsehir,87
2012,Nevsehir,126
2012,Duzce,353
2012,Trabzon,774
2012,Sakarya,566
2012,Cankiri,112
2012,Edirne,294
2012,Bolu,329
2012,Sivas,519
2012,Adana,894
2012,Bayburt,28
2012,Mersin,685
2012,Tokat,366
2012,Diyarbakir,651
2012,Balikesir,260
2012,Adiyaman,205
2012,Kars,237
2012,Nigde,167
2012,Eskisehir,885
2012,Karaman,92
2012,Afyonkarahisar,245
2012,Ordu,119
2012,Amasya,65
2012,Kastamonu,102
2012,Kutahya,323
2012,Giresun,96
2012,Elazig,657
2012,Malatya,531
2012,Gumushane,112
2012,Burdur,142
2012,Agri,96
2012,Bitlis,73
2012,Bartin,77
2012,Tunceli,48
2012,Kahramanmaras,291
2012,Zonguldak,284
2012,Sanliurfa,299
2012,Batman,71
2012,Usak,53
2012,Tekirdag,187
2012,Sinop,70
2012,Osmaniye,77
2012,Kilis,46
2012,Corum,65
2012,Karabuk,123
2012,Rize,238
2012,Hakkari,26
2012,Sirnak,53
2012,Bilecik,55
2012,Bingol,80
2012,Siirt,71
2012,Yozgat,181
2012,Ardahan,34
2012,Igdir,33
2012,Yalova,62
2012,Artvin,37
2012,Mus,45
2012,Mardin,53
2011,Istanbul,9010
2011,Samsun,799
2011,Adana,823
2011,Nigde,195
2011,Ankara,9077
2011,Yozgat,127
2011,Mersin,706
2011,Giresun,70
2011,Erzurum,946
2011,Duzce,260
2011,Canakkale,413
2011,Kocaeli,1153
2011,Izmir,3004
2011,Isparta,694
2011,Trabzon,732
2011,Kayseri,963
2011,Kutahya,272
2011,Manisa,361
2011,Malatya,413
2011,Elazig,634
2011,Denizli,446
2011,Aydin,361
2011,Bitlis,76
2011,Van,635
2011,Kahramanmaras,270
2011,Hatay,350
2011,Gaziantep,585
2011,Sanliurfa,326
2011,Eskisehir,851
2011,Zonguldak,285
2011,Sakarya,418
2011,Balikesir,260
2011,Konya,1196
2011,Burdur,118
2011,Mugla,210
2011,Antalya,716
2011,Bursa,683
2011,Sivas,407
2011,Amasya,59
2011,Gumushane,98
2011,Bayburt,32
2011,Bolu,285
2011,Diyarbakir,525
2011,Tokat,370
2011,Adiyaman,187
2011,Mardin,25
2011,Rize,207
2011,Afyonkarahisar,229
2011,Yalova,66
2011,Edirne,336
2011,Kars,200
2011,Aksaray,176
2011,Tekirdag,230
2011,Kirsehir,97
2011,Osmaniye,81
2011,Karabuk,141
2011,Bingol,90
2011,Cankiri,92
2011,Bilecik,54
2011,Ordu,138
2011,Corum,66
2011,Nevsehir,107
2011,Karaman,70
2011,Usak,56
2011,Artvin,44
2011,Erzincan,132
2011,Tunceli,57
2011,Siirt,27
2011,Batman,74
2011,Hakkari,21
2011,Mus,50
2011,Sirnak,35
2011,Agri,67
2011,Sinop,69
2011,Ardahan,29
2011,Igdir,26
2011,Bartin,71
2011,Kilis,40
2011,Kastamonu,41
2011,Kirikale,2
2010,Kocaeli,994
2010,Istanbul,8182
2010,Yalova,36
2010,Ankara,8809
2010,Trabzon,764
2010,Bingol,74
2010,Kahramanmaras,268
2010,Van,490
2010,Mersin,596
2010,Sanliurfa,286
2010,Izmir,2908
2010,Bursa,792
2010,Zonguldak,295
2010,Erzurum,940
2010,Malatya,377
2010,Adana,790
2010,Kayseri,861
2010,Antalya,623
2010,Cankiri,59
2010,Samsun,776
2010,Karaman,39
2010,Elazig,565
2010,Balikesir,206
2010,Sakarya,330
2010,Isparta,603
2010,Corum,44
2010,Tokat,274
2010,Yozgat,91
2010,Tekirdag,175
2010,Manisa,351
2010,Mugla,229
2010,Aksaray,150
2010,Batman,47
2010,Aydin,352
2010,Giresun,80
2010,Kars,187
2010,Adiyaman,120
2010,Denizli,401
2010,Diyarbakir,478
2010,Konya,1053
2010,Canakkale,343
2010,Sinop,63
2010,Amasya,49
2010,Afyonkarahisar,233
2010,Eskisehir,863
2010,Hakkari,7
2010,Burdur,99
2010,Sivas,295
2010,Gaziantep,481
2010,Edirne,296
2010,Hatay,322
2010,Bayburt,24
2010,Artvin,36
2010,Duzce,270
2010,Bartin,61
2010,Bilecik,48
2010,Kutahya,225
2010,Nevsehir,53
2010,Kirsehir,101
2010,Kastamonu,53
2010,Tunceli,61
2010,Usak,48
2010,Ordu,92
2010,Rize,164
2010,Bitlis,38
2010,Nigde,190
2010,Bolu,237
2010,Erzincan,73
2010,Siirt,39
2010,Osmaniye,38
2010,Sirnak,28
2010,Mardin,16
2010,Gumushane,40
2010,Ardahan,25
2010,Agri,60
2010,Mus,45
2010,Karabuk,110
2010,Kilis,32
2010,Igdir,17
2010,Kirikale,3
2009,Istanbul,7346
2009,Ankara,8417
2009,Aydin,318
2009,Kocaeli,943
2009,Adana,757
2009,Antalya,577
2009,Edirne,322
2009,Sivas,270
2009,Samsun,780
2009,Tekirdag,121
2009,Isparta,588
2009,Erzurum,909
2009,Kayseri,763
2009,Bursa,718
2009,Izmir,2672
2009,Konya,935
2009,Bolu,262
2009,Aksaray,122
2009,Elazig,550
2009,Yozgat,61
2009,Van,411
2009,Bitlis,15
2009,Duzce,161
2009,Hatay,331
2009,Zonguldak,249
2009,Tokat,291
2009,Sakarya,334
2009,Kahramanmaras,268
2009,Malatya,304
2009,Canakkale,358
2009,Sanliurfa,251
2009,Diyarbakir,435
2009,Agri,39
2009,Usak,45
2009,Denizli,380
2009,Gaziantep,399
2009,Eskisehir,824
2009,Kirsehir,91
2009,Manisa,350
2009,Nigde,204
2009,Afyonkarahisar,286
2009,Rize,120
2009,Amasya,37
2009,Kastamonu,56
2009,Mersin,482
2009,Trabzon,652
2009,Adiyaman,84
2009,Bingol,34
2009,Kutahya,222
2009,Hakkari,8
2009,Erzincan,40
2009,Kars,184
2009,Batman,24
2009,Karaman,11
2009,Siirt,18
2009,Corum,31
2009,Osmaniye,27
2009,Giresun,70
2009,Mugla,190
2009,Burdur,90
2009,Sirnak,5
2009,Mardin,10
2009,Ardahan,15
2009,Ordu,94
2009,Balikesir,190
2009,Igdir,6
2009,Kilis,35
2009,Cankiri,30
2009,Kirikale,3
2009,Artvin,34
2009,Gumushane,34
2009,Mus,12
2009,Bilecik,24
2009,Yalova,12
2009,Bartin,44
2009,Karabuk,96
2009,Tunceli,8
2009,Nevsehir,35
2009,Sinop,52
2009,Bayburt,6
2008,Istanbul,6252
2008,Erzurum,713
2008,Erzincan,29
2008,Ankara,7927
2008,Canakkale,284
2008,Kayseri,677
2008,Eskisehir,697
2008,Kocaeli,797
2008,Izmir,2239
2008,Malatya,285
2008,Sanliurfa,242
2008,Adana,748
2008,Elazig,511
2008,Mersin,487
2008,Denizli,365
2008,Gaziantep,401
2008,Konya,735
2008,Sivas,240
2008,Trabzon,607
2008,Samsun,613
2008,Afyonkarahisar,245
2008,Bartin,25
2008,Zonguldak,271
2008,Van,336
2008,Tokat,259
2008,Nigde,195
2008,Aydin,264
2008,Isparta,480
2008,Rize,66
2008,Giresun,45
2008,Edirne,324
2008,Duzce,138
2008,Kutahya,158
2008,Antalya,434
2008,Diyarbakir,389
2008,Bursa,645
2008,Aksaray,90
2008,Kastamonu,28
2008,Karabuk,55
2008,Burdur,51
2008,Hatay,256
2008,Gumushane,39
2008,Tekirdag,64
2008,Manisa,234
2008,Bilecik,12
2008,Mugla,141
2008,Balikesir,137
2008,Kirsehir,38
2008,Sakarya,235
2008,Sinop,35
2008,Adiyaman,35
2008,Kahramanmaras,207
2008,Karaman,8
2008,Agri,22
2008,Bolu,223
2008,Kars,157
2008,Cankiri,16
2008,Mus,6
2008,Yozgat,57
2008,Ordu,52
2008,Bayburt,4
2008,Amasya,17
2008,Siirt,14
2008,Bingol,10
2008,Batman,6
2008,Artvin,22
2008,Usak,26
2008,Kilis,18
2008,Nevsehir,22
2008,Corum,21
2008,Osmaniye,14
2008,Bitlis,10
2008,Yalova,9
2008,Mardin,5
2008,Ardahan,3
2008,Hakkari,3
2008,Tunceli,1
2008,Sirnak,1
2007,Zonguldak,305
2007,Konya,709
2007,Kahramanmaras,198
2007,Istanbul,5868
2007,Ankara,7643
2007,Adana,702
2007,Van,331
2007,Izmir,2200
2007,Antalya,439
2007,Kocaeli,730
2007,Bursa,633
2007,Mersin,422
2007,Isparta,457
2007,Duzce,178
2007,Edirne,313
2007,Bilecik,12
2007,Sakarya,215
2007,Erzurum,643
2007,Manisa,260
2007,Trabzon,537
2007,Canakkale,238
2007,Diyarbakir,372
2007,Hatay,228
2007,Samsun,691
2007,Sivas,294
2007,Malatya,406
2007,Denizli,354
2007,Gaziantep,368
2007,Eskisehir,710
2007,Karaman,12
2007,Afyonkarahisar,164
2007,Elazig,518
2007,Kilis,16
2007,Kayseri,697
2007,Aydin,285
2007,Bolu,193
2007,Sanliurfa,263
2007,Bitlis,6
2007,Erzincan,24
2007,Tokat,257
2007,Yozgat,56
2007,Mugla,143
2007,Osmaniye,8
2007,Burdur,44
2007,Mus,1
2007,Ardahan,3
2007,Kutahya,122
2007,Kars,127
2007,Rize,70
2007,Hakkari,5
2007,Aksaray,57
2007,Nigde,168
2007,Tekirdag,73
2007,Bartin,21
2007,Adiyaman,19
2007,Artvin,29
2007,Kirsehir,30
2007,Amasya,19
2007,Cankiri,13
2007,Batman,3
2007,Balikesir,136
2007,Agri,11
2007,Karabuk,49
2007,Ordu,48
2007,Usak,18
2007,Siirt,3
2007,Mardin,5
2007,Kastamonu,21
2007,Gumushane,15
2007,Giresun,39
2007,Sinop,28
2007,Tunceli,1
2007,Sirnak,2
2007,Bingol,3
2007,Nevsehir,1
2007,Corum,11
2007,Yalova,4
2006,Istanbul,5364
2006,Ankara,6858
2006,Kahramanmaras,235
2006,Izmir,1976
2006,Denizli,311
2006,Erzurum,586
2006,Gaziantep,353
2006,Manisa,238
2006,Kutahya,92
2006,Samsun,641
2006,Diyarbakir,362
2006,Aydin,259
2006,Duzce,130
2006,Trabzon,412
2006,Antalya,418
2006,Adana,692
2006,Mersin,423
2006,Malatya,473
2006,Eskisehir,613
2006,Isparta,457
2006,Van,323
2006,Sakarya,192
2006,Kocaeli,712
2006,Konya,645
2006,Bolu,157
2006,Bursa,565
2006,Tokat,245
2006,Edirne,227
2006,Kayseri,580
2006,Zonguldak,230
2006,Amasya,12
2006,Elazig,527
2006,Sanliurfa,211
2006,Tekirdag,72
2006,Sivas,233
2006,Hatay,203
2006,Kirikale,3
2006,Mugla,123
2006,Adiyaman,8
2006,Afyonkarahisar,52
2006,Bitlis,14
2006,Kars,91
2006,Canakkale,197
2006,Nigde,125
2006,Ordu,57
2006,Aksaray,39
2006,Rize,41
2006,Osmaniye,8
2006,Burdur,31
2006,Karaman,5
2006,Balikesir,114
2006,Kirsehir,23
2006,Mardin,5
2006,Gumushane,12
2006,Kastamonu,21
2006,Cankiri,11
2006,Giresun,26
2006,Artvin,23
2006,Erzincan,20
2006,Kilis,7
2006,Batman,2
2006,Bartin,6
2006,Bingol,6
2006,Usak,14
2006,Mus,1
2006,Corum,9
2006,Karabuk,36
2006,Agri,4
2006,Bilecik,10
2006,Yozgat,40
2006,Sinop,28
2006,Yalova,5
2006,Ardahan,1
2006,Hakkari,2
2006,Siirt,2
2006,Nevsehir,1
2005,Istanbul,4671
2005,Elazig,580
2005,Eskisehir,481
2005,Ankara,6314
2005,Canakkale,171
2005,Izmir,1823
2005,Mugla,68
2005,Adana,695
2005,Hatay,146
2005,Erzurum,640
2005,Kahramanmaras,236
2005,Tokat,183
2005,Mersin,447
2005,Konya,490
2005,Isparta,378
2005,Manisa,227
2005,Sakarya,147
2005,Kocaeli,607
2005,Samsun,493
2005,Bursa,483
2005,Nigde,85
2005,Van,290
2005,Kayseri,506
2005,Edirne,243
2005,Balikesir,105
2005,Gaziantep,238
2005,Malatya,403
2005,Kutahya,76
2005,Antalya,468
2005,Denizli,265
2005,Kars,93
2005,Diyarbakir,250
2005,Kastamonu,9
2005,Tekirdag,45
2005,Sivas,229
2005,Zonguldak,228
2005,Aydin,192
2005,Bolu,122
2005,Trabzon,353
2005,Karabuk,20
2005,Rize,30
2005,Aksaray,29
2005,Bilecik,6
2005,Ordu,30
2005,Yozgat,36
2005,Erzincan,20
2005,Sanliurfa,217
2005,Duzce,114
2005,Kirsehir,16
2005,Burdur,38
2005,Sinop,12
2005,Giresun,15
2005,Corum,11
2005,Cankiri,1
2005,Bartin,12
2005,Gumushane,2
2005,Afyonkarahisar,6
2005,Artvin,16
2005,Hakkari,1
2005,Batman,1
2005,Mus,5
2005,Usak,8
2005,Bitlis,10
2005,Bingol,5
2005,Agri,5
2005,Osmaniye,9
2005,Karaman,1
2005,Kilis,6
2005,Adiyaman,4
2005,Kirikale,2
2005,Nevsehir,1
2005,Amasya,3
2005,Yalova,5
2005,Bayburt,1
2005,Sirnak,1
2005,Siirt,1
2005,Mardin,1
2003,Ankara,4863
2003,Izmir,1318
2003,Erzurum,650
2003,Isparta,276
2003,Samsun,322
2003,Zonguldak,134
2003,Mersin,361
2003,Antalya,315
2003,Istanbul,3711
2003,Sakarya,97
2003,Diyarbakir,200
2003,Gaziantep,225
2003,Manisa,179
2003,Edirne,161
2003,Elazig,390
2003,Konya,315
2003,Malatya,311
2003,Eskisehir,384
2003,Kocaeli,381
2003,Duzce,74
2003,Kayseri,375
2003,Balikesir,76
2003,Aydin,173
2003,Van,298
2003,Adana,470
2003,Sivas,190
2003,Bursa,312
2003,Trabzon,290
2003,Denizli,143
2003,Karabuk,8
2003,Yalova,3
2003,Yozgat,16
2003,Burdur,24
2003,Sanliurfa,121
2003,Kastamonu,6
2003,Corum,4
2003,Kars,74
2003,Bolu,72
2003,Ordu,20
2003,Nigde,60
2003,Mugla,46
2003,Kutahya,28
2003,Batman,2
2003,Hatay,105
2003,Kahramanmaras,90
2003,Tokat,84
2003,Amasya,10
2003,Kirsehir,5
2003,Bartin,4
2003,Agri,8
2003,Rize,22
2003,Sinop,12
2003,Artvin,6
2003,Aksaray,29
2003,Canakkale,75
2003,Mus,5
2003,Erzincan,15
2003,Tekirdag,27
2003,Nevsehir,1
2003,Giresun,3
2003,Usak,3
2003,Cankiri,3
2003,Bitlis,2
2003,Gumushane,2
2003,Adiyaman,1
2003,Bilecik,1
2003,Kilis,2
2004,Istanbul,4259
2004,Ankara,5523
2004,Isparta,364
2004,Izmir,1590
2004,Mersin,412
2004,Sakarya,155
2004,Elazig,507
2004,Hatay,124
2004,Adana,603
2004,Kayseri,476
2004,Denizli,193
2004,Aydin,208
2004,Kocaeli,581
2004,Usak,11
2004,Antalya,401
2004,Duzce,108
2004,Malatya,355
2004,Diyarbakir,251
2004,Gaziantep,267
2004,Sanliurfa,176
2004,Samsun,415
2004,Kars,79
2004,Burdur,34
2004,Sivas,237
2004,Konya,448
2004,Edirne,197
2004,Zonguldak,251
2004,Tokat,162
2004,Eskisehir,465
2004,Yozgat,23
2004,Trabzon,345
2004,Kahramanmaras,168
2004,Erzurum,644
2004,Balikesir,103
2004,Van,260
2004,Canakkale,117
2004,Mugla,63
2004,Mus,10
2004,Bursa,382
2004,Kirsehir,11
2004,Nigde,75
2004,Manisa,217
2004,Bolu,81
2004,Tekirdag,53
2004,Kutahya,60
2004,Aksaray,36
2004,Amasya,13
2004,Corum,7
2004,Ordu,20
2004,Cankiri,5
2004,Sinop,13
2004,Rize,19
2004,Sirnak,1
2004,Artvin,8
2004,Bartin,11
2004,Kastamonu,10
2004,Agri,11
2004,Erzincan,15
2004,Karabuk,16
2004,Adiyaman,9
2004,Osmaniye,4
2004,Bitlis,5
2004,Gumushane,3
2004,Kilis,3
2004,Bingol,1
2004,Mardin,2
2004,Giresun,6
2004,Yalova,6
2004,Bilecik,2
2004,Hakkari,1
2004,Karaman,1
2002,Istanbul,2934
2002,Antalya,219
2002,Ankara,3966
2002,Isparta,217
2002,Izmir,984
2002,Konya,275
2002,Samsun,226
2002,Kayseri,271
2002,Adana,399
2002,Sivas,144
2002,Denizli,115
2002,Kocaeli,260
2002,Edirne,132
2002,Sinop,7
2002,Trabzon,237
2002,Erzurum,461
2002,Elazig,289
2002,Canakkale,47
2002,Malatya,185
2002,Gaziantep,234
2002,Zonguldak,81
2002,Kirsehir,7
2002,Van,173
2002,Kutahya,22
2002,Mersin,296
2002,Eskisehir,275
2002,Tokat,72
2002,Sanliurfa,68
2002,Diyarbakir,142
2002,Manisa,131
2002,Sakarya,85
2002,Cankiri,1
2002,Bursa,219
2002,Aydin,77
2002,Balikesir,49
2002,Adiyaman,3
2002,Karabuk,8
2002,Usak,2
2002,Yozgat,13
2002,Burdur,9
2002,Kars,47
2002,Amasya,13
2002,Tekirdag,30
2002,Corum,3
2002,Kahramanmaras,46
2002,Nigde,35
2002,Mugla,25
2002,Hatay,49
2002,Ordu,12
2002,Bolu,32
2002,Erzincan,12
2002,Duzce,37
2002,Kilis,6
2002,Kastamonu,2
2002,Osmaniye,3
2002,Aksaray,25
2002,Bartin,6
2002,Gumushane,3
2002,Mus,1
2002,Giresun,5
2002,Agri,4
2002,Nevsehir,2
2002,Yalova,11
2002,Rize,1
2002,Artvin,1
2002,Kirikale,1
2001,Ankara,3414
2001,Istanbul,2360
2001,Balikesir,44
2001,Izmir,801
2001,Elazig,185
2001,Sivas,107
2001,Denizli,76
2001,Diyarbakir,107
2001,Kocaeli,277
2001,Adana,246
2001,Antalya,175
2001,Konya,193
2001,Erzurum,248
2001,Gaziantep,147
2001,Kutahya,11
2001,Malatya,145
2001,Mersin,168
2001,Samsun,204
2001,Isparta,110
2001,Eskisehir,242
2001,Kahramanmaras,33
2001,Bursa,150
2001,Edirne,101
2001,Van,115
2001,Duzce,15
2001,Kayseri,183
2001,Trabzon,190
2001,Hatay,29
2001,Corum,1
2001,Sakarya,49
2001,Aydin,82
2001,Tokat,36
2001,Ordu,19
2001,Nigde,31
2001,Mugla,11
2001,Tekirdag,13
2001,Bolu,13
2001,Aksaray,25
2001,Kastamonu,3
2001,Manisa,83
2001,Yozgat,4
2001,Canakkale,41
2001,Karabuk,7
2001,Zonguldak,24
2001,Sinop,4
2001,Sanliurfa,53
2001,Kars,26
2001,Bingol,1
2001,Osmaniye,2
2001,Rize,1
2001,Burdur,2
2001,Yalova,2
2001,Bilecik,3
2001,Amasya,9
2001,Kilis,3
2001,Erzincan,3
2001,Agri,2
2001,Kirsehir,3
2001,Giresun,4
2001,Cankiri,1
2001,Bitlis,1
2001,Batman,1
2001,Adiyaman,1
2000,Malatya,135
2000,Ankara,3058
2000,Istanbul,1948
2000,Kocaeli,209
2000,Adana,206
2000,Bursa,142
2000,Samsun,153
2000,Gaziantep,113
2000,Kayseri,161
2000,Izmir,631
2000,Bolu,27
2000,Sanliurfa,41
2000,Eskisehir,184
2000,Mersin,98
2000,Antalya,128
2000,Tokat,32
2000,Denizli,67
2000,Sakarya,40
2000,Isparta,73
2000,Edirne,73
2000,Diyarbakir,113
2000,Erzurum,139
2000,Konya,126
2000,Sivas,85
2000,Aydin,42
2000,Tekirdag,20
2000,Kutahya,13
2000,Elazig,148
2000,Usak,4
2000,Mugla,3
2000,Trabzon,150
2000,Van,99
2000,Kastamonu,1
2000,Aksaray,19
2000,Erzincan,3
2000,Manisa,77
2000,Kirsehir,6
2000,Ordu,6
2000,Canakkale,18
2000,Kars,13
2000,Balikesir,21
2000,Zonguldak,20
2000,Hatay,15
2000,Nigde,35
2000,Sinop,7
2000,Kilis,5
2000,Kahramanmaras,17
2000,Duzce,15
2000,Karabuk,4
2000,Amasya,6
2000,Bilecik,1
2000,Adiyaman,1
2000,Artvin,2
2000,Rize,3
2000,Yozgat,8
2000,Bartin,2
2000,Burdur,2
2000,Nevsehir,2
2000,Karaman,1
2000,Agri,1
2000,Osmaniye,1
1999,Istanbul,1786
1999,Antalya,141
1999,Izmir,679
1999,Manisa,69
1999,Ankara,3041
1999,Kocaeli,191
1999,Tokat,35
1999,Erzurum,149
1999,Elazig,154
1999,Malatya,116
1999,Trabzon,217
1999,Diyarbakir,73
1999,Bursa,180
1999,Adana,268
1999,Sakarya,51
1999,Balikesir,32
1999,Mersin,76
1999,Edirne,63
1999,Aydin,55
1999,Sanliurfa,38
1999,Isparta,72
1999,Eskisehir,153
1999,Erzincan,2
1999,Kayseri,168
1999,Tekirdag,16
1999,Aksaray,23
1999,Konya,106
1999,Kahramanmaras,37
1999,Samsun,158
1999,Van,105
1999,Kutahya,11
1999,Denizli,56
1999,Yozgat,4
1999,Mugla,13
1999,Gaziantep,89
1999,Karabuk,6
1999,Sinop,11
1999,Kastamonu,2
1999,Rize,7
1999,Kars,13
1999,Canakkale,14
1999,Nigde,49
1999,Hatay,15
1999,Kirsehir,9
1999,Sivas,88
1999,Bolu,23
1999,Amasya,5
1999,Bilecik,1
1999,Burdur,1
1999,Duzce,12
1999,Bartin,2
1999,Zonguldak,23
1999,Mus,1
1999,Yalova,8
1999,Giresun,2
1999,Ordu,3
1999,Artvin,1
1999,Karaman,1
1998,Izmir,579
1998,Antalya,94
1998,Ankara,2700
1998,Tokat,15
1998,Adana,215
1998,Kahramanmaras,19
1998,Istanbul,1530
1998,Kocaeli,193
1998,Aydin,71
1998,Bursa,129
1998,Trabzon,171
1998,Erzurum,139
1998,Tekirdag,8
1998,Sivas,70
1998,Malatya,77
1998,Van,80
1998,Eskisehir,157
1998,Yalova,5
1998,Ordu,8
1998,Bolu,18
1998,Konya,107
1998,Isparta,26
1998,Samsun,141
1998,Mersin,64
1998,Kars,14
1998,Gaziantep,53
1998,Sinop,7
1998,Hatay,5
1998,Diyarbakir,66
1998,Denizli,52
1998,Kayseri,128
1998,Nigde,16
1998,Manisa,57
1998,Elazig,68
1998,Kirsehir,9
1998,Edirne,49
1998,Zonguldak,22
1998,Kutahya,3
1998,Usak,3
1998,Bartin,4
1998,Rize,4
1998,Aksaray,11
1998,Sanliurfa,25
1998,Amasya,1
1998,Sakarya,27
1998,Balikesir,16
1998,Canakkale,5
1998,Mugla,2
1998,Duzce,6
1998,Artvin,1
1998,Giresun,2
1998,Erzincan,1
1998,Agri,1
1998,Gumushane,1
1997,Konya,72
1997,Istanbul,1474
1997,Kocaeli,201
1997,Ankara,2423
1997,Izmir,482
1997,Sanliurfa,8
1997,Adana,231
1997,Yalova,9
1997,Hatay,8
1997,Antalya,96
1997,Ordu,7
1997,Samsun,135
1997,Isparta,30
1997,Nigde,10
1997,Trabzon,158
1997,Bursa,120
1997,Sivas,58
1997,Eskisehir,137
1997,Kahramanmaras,11
1997,Kayseri,124
1997,Aydin,37
1997,Malatya,80
1997,Mugla,6
1997,Tokat,17
1997,Edirne,34
1997,Mersin,66
1997,Aksaray,5
1997,Gaziantep,44
1997,Elazig,88
1997,Erzurum,144
1997,Van,67
1997,Tekirdag,8
1997,Zonguldak,21
1997,Bartin,3
1997,Canakkale,5
1997,Denizli,32
1997,Giresun,10
1997,Manisa,42
1997,Diyarbakir,67
1997,Kars,3
1997,Sinop,7
1997,Amasya,1
1997,Sakarya,32
1997,Bolu,7
1997,Kirsehir,2
1997,Balikesir,18
1997,Kutahya,4
1997,Mus,3
1997,Gumushane,2
1997,Agri,1
1997,Mardin,1
1997,Artvin,1
1997,Karaman,1
1997,Kilis,1
1997,Kastamonu,1
1996,Ankara,2290
1996,Kocaeli,195
1996,Istanbul,1470
1996,Antalya,70
1996,Izmir,474
1996,Malatya,72
1996,Kayseri,114
1996,Zonguldak,8
1996,Samsun,171
1996,Adana,199
1996,Isparta,21
1996,Gaziantep,42
1996,Erzurum,126
1996,Aydin,17
1996,Trabzon,154
1996,Yalova,1
1996,Bursa,112
1996,Van,45
1996,Konya,105
1996,Sivas,63
1996,Eskisehir,85
1996,Hatay,6
1996,Kahramanmaras,7
1996,Elazig,74
1996,Kars,10
1996,Aksaray,17
1996,Nigde,10
1996,Duzce,2
1996,Bartin,1
1996,Balikesir,19
1996,Mersin,28
1996,Denizli,20
1996,Edirne,21
1996,Kutahya,5
1996,Sakarya,13
1996,Diyarbakir,51
1996,Mugla,4
1996,Bilecik,1
1996,Sinop,4
1996,Ordu,3
1996,Tokat,12
1996,Manisa,17
1996,Tekirdag,2
1996,Agri,1
1996,Sanliurfa,3
1996,Amasya,1
1996,Bolu,7
1996,Usak,1
1996,Canakkale,4
1996,Giresun,1
1995,Istanbul,1004
1995,Kocaeli,93
1995,Ankara,1489
1995,Diyarbakir,24
1995,Izmir,322
1995,Adana,117
1995,Trabzon,112
1995,Bursa,67
1995,Edirne,30
1995,Mersin,24
1995,Samsun,58
1995,Eskisehir,61
1995,Sakarya,9
1995,Nigde,3
1995,Kahramanmaras,10
1995,Antalya,58
1995,Malatya,39
1995,Agri,2
1995,Sivas,41
1995,Kayseri,71
1995,Konya,50
1995,Denizli,9
1995,Erzurum,72
1995,Aydin,6
1995,Manisa,4
1995,Gaziantep,21
1995,Elazig,31
1995,Isparta,5
1995,Bolu,4
1995,Aksaray,7
1995,Tokat,5
1995,Giresun,1
1995,Yalova,1
1995,Van,5
1995,Balikesir,11
1995,Artvin,1
1995,Zonguldak,1
1995,Hakkari,1
1995,Tekirdag,1
1995,Usak,1
1994,Ankara,1331
1994,Kocaeli,91
1994,Istanbul,923
1994,Trabzon,85
1994,Adana,116
1994,Izmir,259
1994,Sivas,36
1994,Konya,36
1994,Samsun,58
1994,Edirne,26
1994,Antalya,41
1994,Eskisehir,65
1994,Kayseri,81
1994,Elazig,24
1994,Erzurum,52
1994,Bursa,48
1994,Gaziantep,17
1994,Diyarbakir,17
1994,Aksaray,9
1994,Malatya,22
1994,Agri,1
1994,Mersin,22
1994,Van,3
1994,Isparta,6
1994,Denizli,3
1994,Sakarya,3
1994,Yozgat,1
1994,Balikesir,11
1994,Aydin,1
1994,Manisa,3
1994,Tekirdag,2
1994,Bolu,2
1994,Tokat,1
1986,Ankara,430
1986,Istanbul,240
1986,Elazig,6
1986,Kocaeli,64
1986,Izmir,70
1986,Trabzon,4
1986,Adana,38
1986,Diyarbakir,14
1986,Sivas,6
1986,Samsun,8
1986,Kayseri,16
1986,Antalya,4
1986,Erzurum,18
1986,Mersin,4
1986,Eskisehir,2
1986,Gaziantep,4
1986,Zonguldak,2
1985,Ankara,330
1985,Istanbul,228
1985,Kocaeli,86
1985,Samsun,6
1985,Trabzon,20
1985,Eskisehir,8
1985,Isparta,4
1985,Izmir,46
1985,Adana,26
1985,Erzurum,18
1985,Edirne,6
1985,Kayseri,12
1985,Gaziantep,6
1985,Diyarbakir,6
1985,Bursa,4
1985,Manisa,2
1985,Elazig,4
1985,Sivas,6
1985,Sakarya,2
1985,Van,2
1985,Aydin,2
1984,Istanbul,242
1984,Ankara,360
1984,Elazig,4
1984,Sivas,6
1984,Izmir,56
1984,Diyarbakir,2
1984,Kocaeli,46
1984,Konya,2
1984,Adana,24
1984,Kayseri,2
1984,Samsun,4
1984,Antalya,2
1984,Trabzon,14
1984,Erzurum,10
1984,Mersin,6
1984,Eskisehir,6
1984,Aydin,2
1984,Gaziantep,6
1984,Zonguldak,2
1984,Denizli,2
1983,Kocaeli,28
1983,Izmir,40
1983,Ankara,300
1983,Istanbul,168
1983,Kayseri,2
1983,Adana,10
1983,Edirne,6
1983,Mugla,2
1983,Diyarbakir,6
1983,Gaziantep,8
1983,Trabzon,20
1983,Samsun,4
1983,Eskisehir,4
1983,Bursa,2
1983,Erzurum,6
1983,Sivas,2
1982,Ankara,282
1982,Istanbul,208
1982,Erzurum,12
1982,Gaziantep,6
1982,Isparta,2
1982,Izmir,36
1982,Kocaeli,16
1982,Diyarbakir,6
1982,Adana,8
1982,Trabzon,10
1982,Eskisehir,8
1982,Antalya,2
1982,Edirne,2
1981,Istanbul,174
1981,Ankara,304
1981,Izmir,28
1981,Erzurum,6
1981,Elazig,2
1981,Kocaeli,10
1981,Samsun,4
1981,Diyarbakir,8
1981,Adana,18
1981,Edirne,2
1981,Adiyaman,2
1981,Bursa,4
1981,Antalya,2
1981,Trabzon,4
1980,Ankara,278
1980,Istanbul,174
1980,Kocaeli,12
1980,Edirne,4
1980,Izmir,40
1980,Gaziantep,8
1980,Diyarbakir,6
1980,Trabzon,16
1980,Erzurum,6
1980,Adana,4
1980,Kayseri,2
1979,Ankara,244
1979,Istanbul,142
1979,Erzurum,8
1979,Izmir,18
1979,Kocaeli,16
1979,Van,2
1979,Adana,12
1979,Trabzon,2
1978,Ankara,240
1978,Izmir,34
1978,Istanbul,122
1978,Trabzon,6
1978,Erzurum,6
1978,Kocaeli,14
1978,Mersin,2
1978,Gaziantep,4
1977,Gaziantep,8
1977,Istanbul,104
1977,Ankara,224
1977,Izmir,10
1977,Kocaeli,22
1977,Erzurum,6
1977,Diyarbakir,2
1977,Bursa,2
1977,Trabzon,2
1977,Kayseri,2
1976,Ankara,208
1976,Istanbul,122
1976,Kocaeli,12
1976,Izmir,20
1976,Adana,2
1976,Erzurum,4
1976,Bursa,2
1976,Batman,2
1976,Gaziantep,2
1976,Eskisehir,2
1975,Istanbul,46
1975,Ankara,103
1975,Van,1
1975,Trabzon,3
1975,Kocaeli,3
1975,Gaziantep,2
1975,Adana,3
1975,Izmir,3
1975,Erzurum,2
1975,Diyarbakir,1
1975,Bursa,3
1975,Aydin,1
1974,Ankara,99
1974,Istanbul,53
1974,Diyarbakir,2
1974,Bursa,1
1974,Izmir,3
1974,Trabzon,4
1974,Kocaeli,4
1973,Ankara,97
1973,Istanbul,44
1973,Izmir,6
1973,Trabzon,2
1972,Istanbul,36
1972,Ankara,84
1972,Bursa,1
1972,Izmir,8
1971,Ankara,72
1971,Istanbul,41
1971,Trabzon,1
1971,Izmir,3
1971,Erzurum,1
1970,Ankara,75
1970,Istanbul,29
1970,Izmir,5
1970,Trabzon,1
1970,Eskisehir,1
1969,Ankara,49
1969,Istanbul,26
1969,Izmir,2
1969,Aksaray,1
1969,Antalya,1
1969,Erzurum,1
1968,Istanbul,26
1968,Erzurum,1
1968,Ankara,30
1968,Izmir,6
1967,Ankara,32
1967,Istanbul,16
1967,Izmir,3
1966,Ankara,21
1966,Istanbul,26
1966,Izmir,6
1966,Trabzon,2
1966,Duzce,1
1964,Istanbul,25
1964,Eskisehir,1
1964,Ankara,22
1964,Izmir,4
1965,Ankara,25
1965,Istanbul,28
1965,Izmir,2
1963,Istanbul,22
1963,Ankara,12
1963,Diyarbakir,1
1963,Izmir,2
1963,Adana,2
1961,Istanbul,18
1961,Ankara,6
1962,Istanbul,19
1962,Ankara,14
1962,Izmir,2
1960,Erzurum,1
1960,Istanbul,21
1960,Ankara,9
1960,Adana,2
1960,Bursa,1
1960,Izmir,2
1960,Diyarbakir,1
1958,Ankara,10
1958,Istanbul,14
1958,Samsun,1
1959,Ankara,10
1959,Istanbul,18
1956,Ankara,15
1956,Istanbul,25
1956,Mersin,1
1957,Istanbul,31
1957,Ankara,12
1957,Izmir,1
1957,Mersin,2
1957,Nigde,1
1955,Istanbul,23
1955,Ankara,6
1955,Mersin,1
1955,Bursa,1
1954,Ankara,11
1954,Istanbul,27
1953,Ankara,6
1953,Istanbul,26
1953,Adana,1
1950,Istanbul,9
1950,Ankara,8
1952,Istanbul,27
1952,Ankara,7
1951,Istanbul,21
1951,Ankara,3
1949,Istanbul,5
1949,Ankara,4
1943,Istanbul,6
1944,Istanbul,4
1944,Ankara,1
1944,Manisa,1
1945,Istanbul,6
1939,Ankara,2
1939,Istanbul,13
1948,Istanbul,7
1948,Ankara,3
1947,Ankara,2
1947,Istanbul,6
1946,Istanbul,8
1946,Ankara,2
1940,Istanbul,11
1940,Ankara,5
1938,Ankara,7
1938,Istanbul,17
1941,Ankara,1
1941,Istanbul,2
1942,Ankara,1
1942,Istanbul,2
1936,Istanbul,10
1936,Ankara,1
1932,Istanbul,4
1932,Ankara,1
1935,Istanbul,12
1935,Ankara,2
1937,Istanbul,13
1937,Ankara,4
1934,Istanbul,7
1934,Ankara,3
1930,Istanbul,1
1933,Istanbul,5
1933,Ankara,3
1933,Izmir,1
1931,Izmir,1
1921,Adana,1
1993,Ankara,1207
1993,Istanbul,753
1993,Kayseri,60
1993,Izmir,194
1993,Bursa,34
1993,Kocaeli,41
1993,Trabzon,58
1993,Antalya,28
1993,Mersin,12
1993,Edirne,5
1993,Adana,80
1993,Erzurum,67
1993,Konya,24
1993,Samsun,41
1993,Elazig,12
1993,Sivas,29
1993,Aksaray,4
1993,Hatay,2
1993,Diyarbakir,20
1993,Sakarya,7
1993,Tekirdag,1
1993,Van,1
1993,Rize,2
1993,Malatya,6
1993,Balikesir,13
1993,Gaziantep,9
1993,Denizli,2
1993,Eskisehir,59
1993,Osmaniye,1
1993,Isparta,2
1993,Kutahya,1
1992,Eskisehir,49
1992,Istanbul,658
1992,Kocaeli,32
1992,Ankara,989
1992,Antalya,27
1992,Gaziantep,10
1992,Sivas,16
1992,Kayseri,43
1992,Izmir,108
1992,Trabzon,67
1992,Adana,58
1992,Bursa,35
1992,Malatya,10
1992,Samsun,31
1992,Diyarbakir,18
1992,Edirne,8
1992,Balikesir,10
1992,Konya,26
1992,Erzurum,49
1992,Elazig,17
1992,Sakarya,4
1992,Van,1
1992,Denizli,4
1992,Isparta,1
1992,Mersin,7
1992,Zonguldak,1
1992,Erzincan,2
1992,Manisa,1
1992,Aksaray,3
1992,Kirsehir,1
1992,Kastamonu,1
1991,Sivas,9
1991,Aksaray,1
1991,Istanbul,356
1991,Kocaeli,22
1991,Ankara,674
1991,Diyarbakir,14
1991,Trabzon,38
1991,Bursa,12
1991,Eskisehir,22
1991,Izmir,70
1991,Adana,32
1991,Gaziantep,4
1991,Erzurum,33
1991,Kayseri,20
1991,Malatya,8
1991,Konya,18
1991,Antalya,10
1991,Samsun,18
1991,Balikesir,4
1991,Sakarya,1
1991,Edirne,4
1991,Denizli,1
1991,Zonguldak,3
1991,Elazig,8
1991,Mardin,1
1991,Isparta,1
1991,Van,1
1991,Corum,1
1990,Ankara,582
1990,Istanbul,303
1990,Izmir,78
1990,Kocaeli,17
1990,Adana,40
1990,Trabzon,44
1990,Eskisehir,14
1990,Sivas,14
1990,Isparta,2
1990,Gaziantep,4
1990,Kayseri,16
1990,Bursa,7
1990,Samsun,17
1990,Diyarbakir,9
1990,Antalya,11
1990,Elazig,5
1990,Konya,5
1990,Sakarya,1
1990,Erzurum,33
1990,Osmaniye,1
1990,Mersin,2
1990,Zonguldak,3
1990,Bilecik,2
1990,Malatya,1
1989,Ankara,397
1989,Trabzon,23
1989,Adana,33
1989,Istanbul,224
1989,Gaziantep,3
1989,Kocaeli,27
1989,Izmir,52
1989,Konya,12
1989,Kayseri,17
1989,Isparta,1
1989,Sakarya,2
1989,Samsun,9
1989,Diyarbakir,12
1989,Eskisehir,8
1989,Edirne,1
1989,Bursa,3
1989,Aksaray,2
1989,Erzurum,24
1989,Antalya,4
1989,Elazig,5
1989,Amasya,1
1989,Sinop,1
1989,Sivas,3
1989,Aydin,1
1989,Malatya,2
1989,Kahramanmaras,1
1988,Ankara,305
1988,Edirne,1
1988,Istanbul,186
1988,Elazig,5
1988,Samsun,10
1988,Kocaeli,31
1988,Antalya,3
1988,Izmir,40
1988,Kayseri,11
1988,Bursa,5
1988,Adana,9
1988,Erzurum,16
1988,Eskisehir,5
1988,Denizli,1
1988,Diyarbakir,6
1988,Konya,6
1988,Sivas,3
1988,Zonguldak,3
1988,Malatya,3
1988,Trabzon,7
1988,Balikesir,1
1988,Isparta,1
1988,Gaziantep,1
1988,Sakarya,1
1987,Ankara,258
1987,Kocaeli,44
1987,Istanbul,124
1987,Sivas,3
1987,Bursa,7
1987,Adana,13
1987,Kayseri,9
1987,Izmir,43
1987,Trabzon,11
1987,Elazig,4
1987,Diyarbakir,8
1987,Eskisehir,5
1987,Samsun,6
1987,Erzurum,11
1987,Zonguldak,1
1987,Antalya,1
1987,Malatya,1
1987,Gaziantep,2
